SeAt No.,PHY101,MTH101,CHM101,ENG101,ECC101,COM100,ECC102,ECC104,ENG102,MTH102,PHY102,MTH113,MTH251,MTH201,ECC201,ECC203,ECC205,ENG201,ECC215,ECC002,COM339,COM382,ECC301,ECC003,ECC341,MTH323,ECC317,COM333,COM360,COM344,ECC302,ECC303,ECC417,ECC403,ECC426,ECC421,ECC412,ECC413,ECC415,COM490,COM491,CGPA
CS-97001,CB,DC,DC,CC,DC,DC,DD,DC,CB,DC,DC,BB,DD,BA,CB,CC,DC,DC,DD,CC,AA,BB,CC,CC,DC,CC,DC,CC,DC,DD,CC,DC,BB,DC,DC,DC,BA,AA,DC,BB,BA,2.205
CS-97002,AA,DD,DC,DD,CB,CC,DD,AA,DC,DD,BB,CC,CB,DC,DC,DC,DD,CC,DD,DC,CB,BA,DC,CC,BA,DD,DC,DC,DD,CC,DC,DD,DC,DD,CC,DD,BA,CB,CC,CC,BB,2.008
CS-97003,AA,BB,AA,CB,BB,AA,CB,BB,BA,BA,CB,BA,AA,AA,AA,AA,AA,AA,BA,BB,AA,BB,BA,BB,BA,BA,BB,AA,AA,BA,AA,CC,AA,BB,AA,CC,AA,AA,AA,BA,AA,3.608
CS-97004,DD,CC,DC,DD,DD,BA,DC,DC,DD,CC,DD,BB,DC,CB,DD,CC,BB,CC,DD,DC,DC,DD,CB,DC,BB,DC,DC,CB,DD,DD,DC,DD,DC,CC,DC,DC,CB,BB,CC,CC,CC,1.906
CS-97005,BA,BA,BA,BB,AA,AA,BA,BB,AA,BA,CC,AA,AA,BA,BA,BA,CB,AA,BA,CC,AA,CB,BA,BA,CB,BA,CB,BA,BA,BA,CC,DC,BA,BB,BB,CB,BA,AA,BA,BA,AA,3.448
CS-97006,AA,CB,BB,DC,CC,BA,CC,BB,BB,BB,DC,BA,CB,BB,BA,BB,BB,BA,BB,BB,BA,CB,CC,BA,CB,BB,CC,BA,CC,BA,BB,DC,BA,CB,CC,CC,BA,BA,BB,CB,BB,3.026
CS-97007,CB,DC,BA,DD,BA,BB,AA,BB,BA,BB,BA,AA,CC,CC,DC,CB,CB,BB,CC,DC,AA,BB,BB,BA,CC,CC,CB,BB,DC,CC,CC,CC,BB,CC,BB,CB,AA,BA,BB,BB,AA,2.957
CS-97008,BB,BB,CC,CC,CC,BA,DC,BA,BB,BA,BB,AA,BB,BB,CC,BA,BB,BA,CC,CC,BA,DC,BA,BB,BB,BB,DC,BA,CC,CC,CC,CC,BA,BB,BB,CC,AA,BB,BA,BA,BA,3.043
CS-97009,BA,CC,BA,DC,BB,BA,BA,BA,BB,BA,BA,AA,AA,BA,CB,BA,BA,AA,CB,BB,AA,BB,BB,BA,BB,BA,BB,BB,CC,CC,BA,DC,AA,BB,CB,CC,AA,BA,BB,BA,AA,3.358
CS-97010,AA,BB,CC,BB,BB,BA,CC,CB,BA,AA,CC,BA,CB,AA,BA,AA,CB,AA,CB,CC,BA,CB,CB,BB,CB,BA,CC,BA,BA,CB,BB,BB,BB,CB,BB,CB,AA,AA,BA,BB,AA,3.247
CS-97011,BA,CB,BB,DC,DC,CB,CC,CB,AA,BA,DC,AA,CB,BA,DD,BB,CB,BB,CC,DC,BA,CC,BB,CC,BA,BB,CC,BA,CC,DC,BB,CC,BA,CB,DC,DC,BB,BB,CB,DC,BB,2.681
CS-97012,BA,CC,BA,CC,DC,AA,CB,BB,BA,BA,BA,AA,BB,BA,BA,AA,BA,AA,AA,BB,AA,CC,CB,AA,CB,BA,BA,BA,BA,BA,CB,CC,BA,CB,BB,CC,AA,BA,CB,CC,BA,3.281
CS-97013,BB,CC,BA,CC,CB,BB,DC,CC,BB,BA,BA,CB,BB,BB,BA,CC,DC,BB,DC,CC,CB,BA,CB,CB,BB,CC,DC,BA,DD,DC,BB,DC,BA,CC,DC,CC,AA,BA,CB,BA,BB,2.792
CS-97014,AA,DC,BA,DC,BB,BA,CC,BA,BA,BA,DC,AA,BB,AA,BA,BA,BB,BA,CC,BB,AA,BA,BA,AA,BA,BA,BB,BA,BB,BB,AA,BA,AA,BA,BA,BB,BA,AA,AA,BA,AA,3.523
CS-97015,AA,CC,BA,CC,BA,AA,CB,BA,BA,AA,CC,BA,CB,BA,AA,BB,CB,BA,CB,CC,AA,BA,BA,AA,BA,BA,CC,BA,BB,BA,BB,DC,AA,BA,BA,BB,BA,AA,AA,AA,AA,3.443
CS-97016,BA,DC,CB,DD,CB,BB,CB,BA,BB,BA,CC,BB,BA,CB,CB,CB,CC,BA,CC,DC,AA,DC,BA,CC,CC,CB,BB,BA,CB,DD,CC,CB,AA,CC,CB,CC,BA,BA,CC,DC,BA,2.777
CS-97017,BA,DC,AA,DC,BA,AA,BB,BA,BA,AA,BB,BA,BA,AA,AA,BA,BA,AA,BB,CB,AA,CC,BA,BA,CC,CB,CC,BB,BB,BB,AA,CB,AA,CB,BB,CC,BB,BA,CB,BB,BA,3.248
CS-97018,CB,DC,CC,DD,DD,CC,DC,BB,BB,DC,DD,BB,DD,CB,DD,DC,CC,BB,CC,DD,CC,DD,DD,DC,DD,DD,DD,DC,DD,DC,DC,CC,DC,DC,DC,DD,BA,CC,DC,DC,DC,1.787
CS-97019,AA,DC,AA,CC,BA,AA,BA,AA,AA,AA,BB,BA,AA,BA,BA,BA,BB,AA,BA,BB,BA,AA,BA,BA,BA,BA,CB,CB,BA,BB,BA,DC,AA,BA,BA,CB,BA,AA,BA,BA,AA,3.572
CS-97020,BB,CC,BA,DC,BA,BB,BA,BA,AA,AA,BB,AA,BA,AA,BA,BA,BA,AA,BB,BB,BA,BA,BB,AA,BB,CB,CC,BB,AA,BB,BA,DC,BA,BB,BA,BB,BA,AA,BA,BA,AA,3.483
CS-97021,BB,CC,BB,DC,CB,DC,DC,DC,DC,BA,DC,BA,CB,DC,BB,CB,DC,CB,DC,DC,BA,DC,CB,CC,CC,CC,DC,CB,DC,DD,CC,DC,BB,DC,DC,DC,BB,BB,CC,CB,BA,2.246
CS-97022,BB,BB,CB,CC,BA,BA,DC,CC,BB,CC,CC,BB,BB,BA,CC,CB,CC,BB,DC,BB,BB,BA,BB,DC,BB,CC,CC,BB,CC,CC,BA,BB,BA,BB,CC,CC,AA,AA,BA,BB,BA,2.956
CS-97023,BB,CC,CB,CC,DC,BA,CB,CC,BA,CC,CB,BA,DC,AA,CB,BB,DD,BA,CB,CC,BA,BB,BA,BB,CB,BB,DC,BB,CB,BB,BB,DC,BA,BB,CC,DC,AA,BA,BB,CB,BA,2.953
CS-97024,AA,BA,AA,BA,AA,AA,CB,BA,BB,AA,BB,BA,BB,BA,AA,BA,BA,AA,BA,BA,AA,BB,BA,BA,BA,BA,CB,BB,BA,BB,BA,CB,AA,CB,BA,CB,BB,AA,BA,BA,BA,3.586
CS-97025,AA,CB,BA,BB,BB,BA,BB,AA,AA,BA,CC,AA,BB,BA,BA,AA,BB,AA,BA,CB,BA,BA,BB,AA,BB,BB,CB,BB,BA,BA,AA,CB,AA,BB,BB,CB,BA,AA,BA,BA,AA,3.475
CS-97026,CC,DC,CC,DC,DD,CB,DD,CC,BA,BB,DD,BA,DC,BB,DC,CC,DD,BB,DC,DC,CC,DC,CB,CB,DC,CC,DC,BB,DD,DD,DD,CC,BB,DC,CB,DC,BB,BA,CC,BB,BA,2.228
CS-97027,AA,BB,AA,BA,BA,AA,CC,AA,AA,BA,BB,BA,BB,BA,BA,BA,CB,AA,BB,CC,AA,BB,BA,BA,BB,AA,CC,BB,BA,BA,BB,DC,BA,BB,BB,CB,BA,AA,BB,BA,AA,3.44
CS-97028,CC,CC,DC,DC,DC,BB,DD,CC,BB,BB,BA,BB,DD,CC,DC,CC,DC,DC,CC,DC,CC,CC,CC,DC,CC,CC,DD,BB,DD,DC,CC,DC,CC,DD,DC,DC,BB,BA,CC,CB,BA,2.188
CS-97029,BB,BB,BA,BB,CB,AA,BB,DC,BA,BA,DC,AA,AA,BB,BB,BB,CB,AA,CB,CC,BA,BA,BA,BA,CB,BB,CC,BA,BA,CC,BB,DC,AA,BB,BB,CC,BA,AA,CB,BB,BA,3.195
CS-97030,CC,CB,CC,DC,BB,BB,CC,CC,CC,BB,DD,BA,DC,CC,CB,CB,CC,CB,CC,DC,CB,DC,CB,CC,CC,DC,DC,CB,DC,DD,DC,DC,BA,CC,CC,DC,BA,BA,CC,DC,CB,2.294
CS-97031,BA,BB,AA,BB,CB,BA,BB,AA,BA,AA,BB,BA,CB,BA,BA,AA,BA,AA,AA,CB,AA,BB,BB,BA,BA,BB,CC,BA,BB,BB,BA,CC,AA,BA,BA,CB,BA,AA,BB,BB,AA,3.443
CS-97032,AA,CC,BA,CC,BB,BA,CB,BB,BA,BA,BB,BB,BB,AA,BA,AA,CC,BA,BA,DC,BB,CB,BA,CB,BB,CC,CC,BB,BA,CB,CB,DC,BB,CC,CC,CC,AA,AA,BB,BB,BA,3.133
CS-97033,BB,CC,AA,DC,BA,AA,BA,AA,BA,BA,CB,BA,BA,BA,BA,BA,BA,AA,BB,CC,AA,BB,BB,BA,BB,BB,CC,CB,BA,CB,BB,DC,AA,BB,BB,DC,AA,BA,BB,CB,BB,3.22
CS-97034,AA,CC,BA,BB,BA,BB,DC,BB,BA,CB,DC,AA,BB,BA,BA,BA,CC,BA,BB,CC,AA,CC,BB,BA,CB,BB,DC,BA,BB,CB,BB,CC,BA,CB,CB,CB,BA,AA,BB,BA,BB,3.112
CS-97035,BB,CB,BA,AA,CC,BA,DD,BA,BA,CC,DC,AA,CC,AA,BB,BA,BB,BA,DC,DC,AA,BB,BA,BB,CB,BA,CC,BA,CC,BB,CB,BA,BA,BB,CB,CC,AA,AA,BB,BA,BA,3.16
CS-97036,BB,CC,CB,DC,BB,BA,CB,BB,BA,BA,BB,BA,BB,BA,DC,BA,BB,AA,DC,DC,AA,CC,BB,BA,CB,BB,DC,BA,CC,CB,BB,CC,AA,CC,BB,CC,BA,AA,CB,CB,BA,3.019
CS-97037,BB,BB,BA,CB,BB,BA,CC,BB,BA,BB,DC,AA,CC,BA,BA,BA,CC,BA,BB,CB,BA,CC,BB,BB,CB,BA,CC,BB,BA,CB,BB,CC,BB,CC,CB,CC,BA,AA,CB,BA,BA,3.164
CS-97038,BB,CC,BA,CB,BB,AA,AA,BA,BA,BA,BA,BA,DC,AA,BA,BA,BB,AA,BB,CC,BB,CB,BB,BA,BB,BA,BB,BB,CB,BB,BA,CB,AA,BB,BB,CC,BA,BA,BB,BB,BA,3.332
CS-97039,DC,DC,DD,DD,CC,CC,DC,DD,CC,CC,DC,BA,CC,BB,CB,BB,CC,BA,DC,DC,BB,CB,CB,CC,DC,DC,CC,DC,DC,DC,DC,DC,BA,DC,DC,DD,BA,BB,CC,DC,BB,2.165
CS-97040,BA,BA,BB,BB,BA,AA,BB,AA,AA,BA,AA,BB,CB,AA,BA,AA,BA,AA,BA,AA,BA,AA,AA,BA,AA,BA,BA,BA,AA,AA,BA,AA,CC,BB,BA,BB,AA,BA,BB,BB,AA,3.7
CS-97041,BA,CB,CB,CC,BA,AA,AA,CB,BA,CB,CB,AA,CC,BA,BB,BB,CB,BB,CC,CC,BB,CC,BB,BA,CB,BB,CB,BA,CC,CC,CC,DC,AA,BB,CB,CC,BA,AA,BB,BA,BA,3.033
CS-97042,BB,CC,CC,CC,DC,BA,DC,CB,BB,BB,BB,BA,CB,BB,BA,BB,DC,CC,CB,CC,BA,DC,BB,CC,CC,CB,DC,CB,CB,DC,BB,CC,BB,CC,BB,DC,BA,AA,CB,BB,BA,2.696
CS-97043,BB,CC,BB,CC,CB,BA,DD,BA,BA,CB,BA,BA,CB,BA,BB,CB,DC,BB,DC,DC,BA,BA,BB,BA,AA,CB,DC,BB,DC,DC,CC,DC,BA,DC,CB,DC,AA,BA,CC,BB,BA,2.851
CS-97044,DC,BB,CC,BB,CC,BA,BB,CB,AA,AA,CC,BA,DD,BB,DD,BA,DC,BB,CC,CC,DC,CB,BA,BB,BB,BA,BB,BA,CB,BB,BB,CB,BA,BB,CB,CC,AA,BA,CB,BB,AA,3.058
CS-97045,DD,CC,,,,DC,,,DC,FF,,,,,,,,,,,,,,,,,,,,,,,,,,,,,,,,1.493
CS-97046,BB,CB,CB,DC,DC,CC,DD,BB,BA,BB,CC,BB,DC,CB,DC,DC,BB,DD,DD,DC,DC,DC,DC,DD,DD,DD,BB,CC,BB,BA,DC,DD,BB,DC,DC,CC,CC,CB,CC,DD,CB,2.069
CS-97047,BA,DC,CC,DC,DD,CC,DC,DC,BB,CC,DC,BA,DD,BA,DD,DD,DD,CC,DC,CC,DC,CC,DD,DD,DD,DD,DD,CC,DD,DD,BA,CC,DC,DC,CB,DD,BA,CB,DC,CC,CB,1.996
CS-97048,BA,BB,BA,BA,AA,AA,AA,AA,AA,CB,AA,AA,AA,AA,AA,AA,AA,AA,AA,AA,AA,AA,BA,AA,AA,BA,AA,BA,AA,AA,AA,AA,BA,AA,AA,AA,AA,AA,AA,AA,AA,3.897
CS-97049,AA,BA,AA,BA,AA,AA,AA,AA,AA,AA,AA,AA,BA,AA,BA,AA,AA,AA,BB,AA,AA,BA,BA,AA,AA,AA,BA,AA,AA,BA,AA,AA,AA,CB,AA,BB,AA,BA,AA,BB,AA,3.848
CS-97050,BA,BA,AA,BA,BA,AA,BA,AA,AA,BA,BB,AA,BA,AA,BA,BB,BB,AA,BA,BA,AA,DC,BB,AA,BB,BA,CC,BA,AA,CC,AA,CB,BA,CC,BB,DC,BA,AA,BB,DD,AA,3.404
CS-97051,CC,DD,CC,DD,DC,BB,BA,DC,CC,CB,CC,BB,DD,CC,DC,CC,DD,CC,DC,BB,DD,CC,CC,CC,CC,CC,CB,CC,DC,DC,CC,DC,BB,DC,DC,CC,BB,AA,CB,CB,BA,2.254
CS-97052,DC,BB,CB,CB,BB,BB,DD,CB,BB,DD,BB,BA,DC,BB,DC,CB,DC,BB,CC,CC,BB,CC,CB,CB,CC,CC,DC,BB,CC,CC,BB,DC,CB,CB,CC,DC,BA,BA,BB,BB,BA,2.655
CS-97053,CB,CC,BB,CC,BA,CC,AA,CC,BB,CC,CC,BA,AA,BB,BA,BA,BB,BA,BB,DC,BB,BB,BB,BA,CB,BB,CC,BA,BB,CB,BA,BB,BB,CB,CB,CB,AA,AA,BB,BB,BA,3.106
CS-97054,CB,CB,CC,CB,DC,BA,CC,CB,BA,BA,AA,BB,CC,BB,BB,CB,BB,AA,BB,DD,BA,BB,CB,CC,CB,DC,DC,CB,CB,CC,CC,DC,AA,DC,DC,CC,BA,AA,CB,BB,BA,2.793
CS-97055,BA,CC,AA,DC,AA,BB,CB,AA,BA,AA,DC,BA,BA,BA,BB,CB,DC,BB,CC,CC,AA,DC,BB,BA,CB,CB,DC,CB,BB,CC,BB,CC,AA,CC,CB,CB,BA,AA,BB,BA,BA,3.023
CS-97056,BB,CC,BB,DC,AA,BB,BB,CC,BA,AA,BA,BA,BA,BA,BA,BA,DC,BB,CC,CC,BA,CC,CB,BA,CB,CC,DC,BB,BA,BB,BB,DC,BB,CC,CB,DC,AA,BA,BA,CB,BA,3.01
CS-97057,AA,BB,BA,BB,AA,BA,CC,BA,BA,BB,CC,BA,AA,AA,AA,BA,AA,AA,BA,BB,AA,CB,BB,AA,CC,BA,BB,BB,AA,BA,AA,DC,BA,CC,BB,DC,BA,AA,BA,CC,AA,3.4
CS-97058,DC,DC,DC,DD,DD,CB,CC,CC,DD,DD,DC,DD,DC,CC,DD,DC,DC,BA,CC,DC,DC,BA,DC,DC,DD,DD,CC,DD,DC,DD,BA,DC,CB,DC,CC,CC,BA,CB,BB,DC,DC,1.899
CS-97059,BB,BB,CC,BA,BA,BA,DC,BB,BA,BB,CB,AA,AA,BA,BB,BB,BA,AA,CB,CC,BA,CC,BB,CB,BB,BB,CB,BA,BB,BB,BB,DC,AA,BA,CB,DC,BA,AA,CB,BB,BA,3.168
CS-97060,BA,CB,CC,DC,DC,BB,DC,CB,BA,AA,DD,BA,DD,BA,CB,CB,CB,CB,DC,DC,BA,CC,BB,BB,CC,CB,DC,CB,DC,DD,DC,DD,BA,CC,DC,DC,BB,BA,BB,BB,BA,2.57
CS-97061,CC,BB,FF,DC,DC,CB,FD,DD,BA,BB,FF,FF,FF,,,,FF,FF,FF,,FF,,,,,,,,,,,,,,,,,,,,,2.418
CS-97062,BA,CB,CC,DC,CB,CB,DD,CC,CB,BB,DC,BA,CC,BA,DC,CC,CC,DC,DC,CC,BA,CC,CB,BB,DC,CB,DD,BB,CB,DD,CC,CB,BA,CC,DC,DC,BA,AA,BB,BB,BA,2.564
CS-97063,BB,DC,BB,DC,CB,CC,CC,CC,BA,DC,DD,BA,DC,BA,CC,BB,DD,DC,DC,CC,BB,CC,CB,CB,CC,CB,CB,BB,DC,DD,DC,DD,BA,DC,CC,CC,BA,BA,CB,CB,BA,2.468
CS-97064,BA,CB,AA,BB,AA,AA,BB,AA,AA,CB,BA,AA,AA,AA,BA,AA,AA,AA,AA,BA,AA,AA,AA,AA,AA,AA,BA,BB,AA,AA,AA,BA,AA,BA,BA,CC,BA,AA,BA,AA,BA,3.769
CS-97065,CB,CB,BA,DC,CC,BA,CC,BA,BA,DC,CB,CB,BA,BA,BB,BB,BA,AA,CB,CC,CB,CB,CC,BA,CC,BB,CC,CC,BA,BB,BA,CC,BA,CC,CB,CC,BA,BA,CB,BA,BB,2.999
CS-97066,BA,CB,CB,DD,CC,BB,CC,CB,BA,BB,DC,AA,DC,BB,CB,BB,CC,CB,BB,DC,BA,CB,BB,CC,DC,BB,DC,BB,CC,CC,DC,CC,AA,CB,CB,CB,BA,AA,BB,BB,BA,2.768
CS-97067,BA,DC,CC,DD,CC,BB,DD,CC,CB,BB,CB,BB,CC,BA,DC,BB,DC,CC,BB,CC,BA,CC,BB,BA,BA,BB,CC,BB,CC,CC,BB,CB,BA,CC,CB,CC,BA,BA,BB,BB,BA,2.822
CS-97068,BA,DC,BA,DC,BA,AA,DC,BA,BA,BA,CC,BB,BA,BA,BB,BA,BB,BA,CB,BB,BA,CB,BB,BA,CC,BB,DC,CB,BA,CB,BB,DC,AA,CB,CC,CB,BA,AA,BB,BA,AA,3.189
CS-97069,BB,CC,BB,DC,BB,BA,AA,BA,BA,BA,BA,BA,DC,BA,DD,BB,DC,AA,BB,DC,BA,DD,CC,CB,CC,BB,CC,BA,DC,DC,BB,DC,DC,DC,DC,DC,AA,BB,CB,CC,BA,2.715
CS-97070,AA,DC,AA,CB,AA,BA,CB,BA,BA,AA,CB,AA,AA,AA,AA,AA,BA,AA,BB,BB,AA,BB,AA,AA,BA,BA,CB,CB,AA,BA,BA,CC,AA,BB,BA,CB,BA,AA,BA,BA,AA,3.578
CS-97071,BA,BB,BA,BB,BB,AA,BA,AA,BA,AA,CC,AA,CC,AA,BA,AA,BB,BA,BB,BB,BA,BA,BA,BA,BA,BA,CB,BA,BA,BB,BB,CC,BA,BA,BA,CC,BA,AA,BA,BB,BA,3.49
CS-97072,BA,BB,BB,DC,BA,AA,CB,BB,CB,BB,CC,BA,CC,BA,BA,BA,BB,AA,BA,DC,BA,DC,BB,BB,CC,BA,CC,CC,BB,BA,BA,DD,AA,DC,DC,DC,CB,AA,CC,CC,CB,2.805
CS-97073,BA,CC,BA,CC,CB,AA,BB,BA,BB,BA,BB,BA,CC,BA,BA,BA,BB,AA,BB,CB,AA,BA,BA,BA,BB,BA,CB,BA,AA,BA,BA,CC,BA,BB,BA,CC,BA,AA,BB,AA,BA,3.458
CS-97074,AA,CB,BB,DC,DC,BA,DD,CB,BA,AA,DC,AA,CC,CC,DC,DC,DD,DC,DC,DD,DC,CB,CC,CC,DC,CC,CC,CC,DD,DD,DC,DC,BB,CC,CC,DC,BB,BB,CC,CC,BA,2.34
CS-97075,BA,CB,BB,CB,DC,BA,CC,BA,BB,BA,CC,BA,BB,AA,AA,AA,CB,BA,CC,CB,AA,BA,BA,BB,BB,BB,CC,BB,BB,BB,BB,CC,AA,BA,BB,CC,BA,AA,CB,BB,BA,3.252
CS-97076,CB,DC,BB,DD,CB,CC,DC,CB,CC,CC,BB,CB,CC,CB,BB,BB,BB,BB,CC,CC,BA,BB,BB,CC,CB,BB,CC,CB,DC,DD,DC,DC,BA,CB,CB,CB,AA,AA,BB,BB,BB,2.683
CS-97077,BA,CC,BB,BB,CC,BA,BB,BA,BA,BA,CB,BA,BB,BA,BA,BA,CC,BA,BA,BB,AA,BA,BA,BB,BA,BA,BB,BA,CC,CC,BB,CB,BA,BA,BA,CC,BA,AA,BB,BA,BA,3.378
CS-97078,BA,CB,AA,CC,CB,BA,CC,BB,BA,CB,CC,AA,BA,BB,CB,BA,CC,BA,CB,CC,BA,BA,BA,BA,BA,BB,CC,BA,CB,CB,BB,CB,AA,BA,BA,BA,AA,AA,BB,AA,AA,3.295
CS-97079,BB,CC,BB,BB,AA,BA,CB,BA,BA,CB,DC,AA,BA,AA,BA,BA,CB,BA,BB,CC,BA,BA,BB,AA,BB,BB,CC,BA,CB,BB,BA,DC,BA,BB,CB,CB,BA,AA,CC,BB,BA,3.193
CS-97080,AA,CB,AA,CB,AA,BA,AA,AA,BB,AA,CB,BA,BA,AA,AA,AA,AA,AA,BB,BA,AA,BA,BA,AA,BB,BA,BA,BA,AA,BA,AA,CB,AA,BA,BB,BB,BA,AA,BA,BB,AA,3.647
CS-97081,DC,CB,DC,DD,DD,BB,BA,CB,BB,CC,CB,BA,DC,BA,CB,BB,CB,BB,BB,DC,BB,BB,BB,CB,BB,CB,CC,BB,CB,CB,CC,CC,BB,CC,CC,CB,AA,AA,BB,BB,BA,2.815
CS-97082,CC,CC,DC,CC,DD,BB,DD,DC,BB,DC,CC,AA,DD,CC,DD,CB,DD,BA,DC,DC,DC,DD,BA,DC,DC,CC,DC,DC,DC,CB,AA,CC,BA,CC,DC,DC,CB,BA,CC,DC,CB,2.171
CS-97083,AA,BB,AA,BA,AA,BA,BB,AA,AA,BA,CB,AA,AA,AA,AA,AA,BA,AA,AA,BB,BA,BA,BA,AA,BA,BA,BA,AA,AA,AA,CB,CC,AA,AA,BA,BA,BA,AA,AA,AA,AA,3.761
CS-97084,CB,CB,BA,CC,CB,BB,DC,BA,CB,CB,DC,AA,DC,BA,DC,CB,DC,BB,DC,DC,BB,CC,BA,CB,CC,CB,DC,BA,DC,DC,CB,DC,BB,CC,CB,CB,AA,AA,BA,BA,BA,2.763
CS-97085,BA,CC,BA,DC,CB,BA,DC,BA,CB,AA,DC,AA,CC,BA,CB,BB,DC,BB,CB,DC,BB,CB,BB,CB,CB,BB,CB,CC,BB,CB,CB,CC,BA,BB,BA,BB,BA,BA,CB,CB,BA,2.938
CS-97086,CC,DC,BB,DD,CC,DD,DC,CB,CC,BA,DD,BA,DC,CB,CB,CC,DD,CC,DC,DC,BB,DC,CC,DC,DC,DC,DC,DC,DC,DD,DC,DC,DC,DC,DC,DC,BB,BB,CC,DC,BA,2.06
CS-97087,DD,DD,DC,CB,FD,DD,DD,DD,DC,DC,DC,BB,FD,DC,DD,DD,FD,DD,DD,FD,FD,FD,DD,DD,DD,DD,DC,DC,DC,DD,FD,DC,CC,DD,,,,,,,,1.261
CS-97088,CC,CC,CB,CC,DC,CB,DC,CC,CC,DC,BA,BB,DC,BA,CC,DC,DC,DC,DC,DC,BB,BA,BB,BB,BB,DC,DC,BB,DD,DD,BB,DD,BA,DC,DC,DC,BA,BA,DC,CB,BB,2.378
CS-97089,CB,CC,BB,CC,BA,BA,BB,BA,BA,CC,BB,BA,CB,BA,BB,CC,DC,CC,CB,DC,BA,DC,BB,CB,BB,CC,CC,BB,CB,CB,BA,DC,BA,CB,CC,CC,BA,BA,BB,BA,CB,2.861
CS-97090,DC,BB,DC,DC,DD,BB,DD,DC,CB,DD,BB,BA,DD,CC,DD,CC,CB,CB,CC,DC,DD,BA,CB,CC,CC,CC,CC,CB,DC,DC,BB,BB,CB,DC,CC,CB,BA,AA,DC,CC,BA,2.363
CS-97091,DC,CB,DD,CC,DD,DD,DC,CC,CC,CC,DC,AA,DC,BB,DD,CC,DD,CC,DC,DC,CC,DD,BA,DC,CC,CC,DC,BA,DD,DC,DC,DC,CC,CC,DC,DC,BA,BB,CC,CC,BA,2.084
CS-97092,FF,DC,DD,DD,FF,DD,DD,DD,CC,DC,DC,BB,FD,FF,FF,FF,FD,FD,FD,,DD,,,,,,,,FF,FF,,,,,,,,,,,,1.38
CS-97093,DD,DC,DD,DD,DD,CC,BB,CC,CC,DD,CC,BB,DC,CC,CB,DC,DD,CC,DC,CC,CC,CB,DD,CC,DC,DC,DC,DD,DD,DD,DC,DC,BB,DC,DC,DC,BA,BA,CB,CC,CB,1.89
CS-97094,AA,BB,AA,BB,BA,AA,BA,AA,BA,AA,BA,AA,AA,AA,BB,AA,AA,AA,AA,BB,AA,BA,AA,AA,AA,AA,BA,BA,BA,AA,AA,BA,AA,AA,BA,BB,AA,AA,AA,BA,AA,3.861
CS-97095,DC,DD,DC,DD,DC,DC,DC,DD,CC,BB,DC,BB,DC,CC,DC,DC,BB,DC,DC,DC,BB,CC,DC,DC,DD,DC,DD,CB,DD,DD,DC,DD,DC,DC,DC,CC,CC,BB,DC,DC,BB,1.805
CS-97096,AA,CB,AA,BA,AA,AA,AA,AA,AA,AA,AA,AA,AA,BA,AA,AA,AA,AA,AA,AA,AA,AA,AA,AA,AA,AA,AA,BB,AA,AA,AA,BA,AA,BA,AA,BA,AA,AA,AA,BA,AA,3.925
CS-97097,AA,BB,AA,BB,AA,AA,AA,AA,AA,AA,BA,AA,BA,AA,AA,AA,AA,AA,AA,AA,AA,AA,AA,AA,BA,AA,BA,BA,AA,AA,AA,AA,AA,AA,AA,BA,AA,AA,AA,AA,AA,3.919
CS-97098,AA,CB,AA,BA,CB,BA,CB,BA,BA,BA,CC,AA,BA,BB,BA,BA,BB,BA,CC,DC,BA,CC,BA,AA,BB,BB,CC,BA,BB,BB,BB,CB,BB,BB,CC,CC,BA,AA,BA,BA,BA,3.258
CS-97099,AA,BB,AA,AA,AA,AA,BA,AA,AA,AA,AA,AA,AA,AA,AA,AA,AA,AA,BA,AA,AA,AA,AA,AA,AA,AA,AA,AA,AA,AA,AA,BA,AA,AA,AA,BA,AA,AA,AA,AA,AA,3.963
CS-97100,CC,CC,BA,CB,CB,DC,DD,CB,CC,CC,DD,AA,BA,BA,BA,DC,CC,CB,CC,DC,AA,DC,CC,CC,BB,CC,DC,CC,DC,DC,CC,DD,AA,CB,DC,DC,BA,BB,CC,DD,BB,2.396
CS-97200,CB,BA,BB,CB,CC,AA,CB,CC,CC,CC,BA,BB,CC,BA,CC,CB,DC,CC,CB,CB,BB,CC,CB,BB,BB,BA,DC,DC,DC,DC,DC,CC,BB,CC,BB,CC,BA,BA,BB,CC,BB,2.648
CS-97201,AA,CC,BA,BA,BA,AA,BB,CB,CC,BB,CB,DC,CC,CC,CC,BB,DC,CC,CC,DC,CB,DC,BB,CB,CB,BA,DC,BB,DC,CB,DC,CC,BA,DC,DC,DC,,,,,,1.992
CS-97101,AA,CC,BA,CC,AA,AA,AA,AA,BA,AA,AA,AA,BB,AA,AA,AA,AA,AA,AA,BA,AA,BA,BA,BA,BA,BA,AA,BA,AA,AA,AA,BA,AA,BA,BA,BB,AA,AA,BA,BA,AA,3.772
CS-97102,DD,DC,DC,DD,CB,DD,DC,DC,DC,CC,DD,DD,DD,CC,DC,CB,DC,DD,DD,AA,DD,DD,CC,BA,BB,CB,DC,DD,CB,DD,DC,CB,DD,CB,CC,DD,DD,DC,DC,DC,DC,1.768
CS-97103,BA,CC,BA,CB,CC,CB,BA,BA,CC,BA,CC,AA,CC,BA,BB,BA,CB,BA,CC,CC,BA,CC,BB,BB,CB,BB,CB,BA,BA,BB,CB,BB,BA,BB,BA,BB,BA,AA,BA,CB,BA,3.176
CS-97104,BB,CB,BA,BB,CB,BA,BB,BB,BA,AA,CC,BA,BB,BA,DC,BA,BB,BA,BA,CC,CC,BA,BA,BB,BA,BA,BB,BB,BB,BB,BB,DC,BA,BB,BB,BB,BA,AA,BA,BA,BA,3.335
CS-97105,AA,DC,AA,CC,AA,BA,BB,AA,BA,AA,BB,AA,AA,AA,AA,AA,BB,AA,AA,AA,AA,AA,AA,AA,BA,BA,BB,BB,AA,BA,AA,CB,AA,AA,BA,BA,AA,AA,AA,AA,AA,3.758
CS-97106,AA,DC,AA,CC,DD,BA,CC,BA,AA,BA,CC,BA,BB,AA,BA,BA,BA,AA,BA,CB,AA,CC,BB,BA,CB,BB,BB,BB,BB,BB,BB,CC,CB,BB,BB,CC,CB,BA,BB,BA,AA,3.208
CS-97107,DC,DD,DC,DD,DD,DC,DC,CC,BB,CC,DD,BB,DD,CB,DD,CB,DD,DC,DD,DD,DC,DD,CC,DC,DC,DC,DC,CB,CC,DD,DC,DC,DC,DD,DC,DC,BA,BA,CC,DC,BB,1.845
CS-97108,BA,BA,AA,AA,AA,AA,AA,AA,AA,BA,AA,AA,AA,AA,AA,AA,AA,AA,AA,AA,AA,AA,AA,AA,AA,AA,AA,AA,AA,AA,AA,BA,AA,AA,AA,BB,AA,AA,AA,BA,AA,3.946
CS-97109,BA,CC,AA,BA,BB,BA,DC,BA,AA,BA,DC,AA,BB,BA,AA,BA,DC,BA,CC,CB,AA,CC,BB,BA,CC,BB,DC,BA,BB,CB,CB,DC,BA,BB,CB,CB,BA,AA,BA,BA,AA,3.195
CS-97110,CC,DC,CC,DC,DC,CB,DC,DC,BB,CC,DD,AA,CC,BB,DC,BB,DC,BB,DC,DD,DD,BB,CB,BB,CB,CC,CC,CB,DC,DC,BB,CC,DC,DC,CC,DC,BA,BA,CB,DC,CB,2.3
CS-97111,AA,CB,BB,BA,BA,AA,BA,BA,AA,AA,BB,AA,BA,AA,BA,AA,BA,AA,BA,BB,AA,BA,AA,AA,AA,BA,BB,AA,AA,BA,AA,CC,AA,BA,BA,BA,AA,AA,BA,AA,AA,3.759
CS-97112,BA,DC,AA,BB,AA,AA,CC,AA,BA,BA,BB,AA,AA,AA,AA,AA,BA,AA,CB,CB,AA,BB,BA,BA,BB,BA,CC,BA,BA,BB,BA,DC,AA,BA,BA,CB,BA,AA,BA,BB,BA,3.516
CS-97113,BB,DC,BA,CC,CC,DC,DD,CC,CB,BB,DD,AA,DD,BA,CC,CC,DD,DC,DD,DC,DC,DD,CC,DC,DD,DC,DD,CC,DD,DD,CC,CB,CC,DC,DC,DC,BB,BA,CB,DC,BB,2.087
CS-97114,AA,DC,BA,DC,AA,BA,DC,BA,BA,CC,BB,AA,CB,BB,BA,BB,CB,BA,BA,DC,DC,BB,BA,BB,BB,BB,CC,BB,CB,CC,BA,DC,AA,BB,CC,CC,AA,AA,BB,BB,BA,3.137
CS-97115,CC,DC,DC,CC,DC,BB,DC,CC,CC,DC,BB,CB,DC,CC,DC,CC,DD,DC,DD,DD,DD,CC,CC,DC,AA,DC,DC,CC,DC,DD,DC,DD,DC,DD,DC,DC,BB,BA,CC,CC,BA,2.011
CS-97116,CB,CB,CC,CB,CC,CC,DC,CC,BA,CC,CB,AA,DC,BA,DC,BB,DD,CC,DD,DC,CC,CB,BA,CB,DC,CB,DC,BA,DC,DC,DC,DC,CB,BB,CB,CC,BA,AA,CB,BB,AA,2.566
CS-97117,BA,CC,BA,BB,BB,AA,DC,BA,BA,BB,CB,BA,CC,BA,BA,BA,BA,AA,CB,DC,AA,CC,CB,CC,CC,BB,DC,CB,CB,BA,CB,DC,BB,CB,CC,DC,AA,BA,BA,CB,BA,2.999
CS-97118,BB,DC,DC,CC,DD,CC,DD,CB,BA,DC,DD,AA,DD,CB,DC,CC,BB,DD,DD,DD,DC,DD,DC,DD,DC,CC,DC,BA,CC,DC,DD,DC,CB,DC,DC,DC,BB,BA,DC,CB,BB,1.993
CS-97119,BA,DC,BA,BB,BA,BA,CB,BA,BA,BA,DC,BA,BB,AA,AA,AA,CB,BB,CC,CC,BA,BA,BA,AA,BB,BA,CC,BB,BA,BB,BA,DC,AA,BA,BB,CB,BB,AA,BB,BA,AA,3.334
CS-97120,DD,BA,DD,DC,CC,DC,DC,CC,DC,CC,CC,BA,DC,BB,DC,DC,DD,DC,DC,DD,DC,BB,CC,BB,CB,DC,DC,BB,DD,DD,CB,CC,DC,DC,DC,DC,BA,BA,CC,CC,CC,2.056
CS-97121,BB,CB,CC,DC,AA,BA,CC,CC,CB,BB,DC,BB,DC,BB,CC,CB,DD,CC,DC,DD,BB,CC,CB,BB,AA,DC,CC,BB,DD,BB,BA,DC,BA,DC,DC,CC,BA,BA,BB,CB,CB,2.552
CS-97122,CC,BB,CB,DC,DC,CB,CC,CC,CB,BB,CB,AA,DD,CC,DC,DC,DD,CC,DC,DC,DC,DD,CC,DC,DC,DC,DC,BB,DC,DD,DC,CC,DC,DD,DC,DD,BA,BB,CC,DC,CC,2.028
CS-97123,BB,CB,BB,CB,DD,BA,CC,BA,BA,BA,DC,AA,BB,CB,BA,BA,CC,BA,BB,CB,BA,BB,BB,BB,CB,BA,CB,BA,BA,BB,BB,CB,BB,BB,CB,BB,BA,AA,CB,BB,BA,3.189
CS-97124,CB,DD,CC,CC,DD,BB,CC,BB,BB,CB,BB,BB,BA,CB,DC,BA,CC,AA,CB,DC,BA,DC,CC,DC,DC,BB,DC,CC,DC,BB,BB,DD,CB,CC,CB,DC,BA,BA,CC,CC,BB,2.58
CS-97125,BA,BB,BA,BB,AA,AA,BB,BA,BA,AA,BB,AA,AA,BA,BB,AA,BA,AA,BA,CB,AA,BA,BA,AA,BA,BB,BB,BA,BA,BA,AA,CC,AA,BA,AA,CB,BA,AA,BA,BB,AA,3.651
CS-97126,BA,DC,BA,DD,AA,CB,DD,BB,BA,BA,DC,AA,AA,BA,BA,CB,DC,CC,CB,CC,BA,CB,BB,BA,BB,CC,CC,BB,CC,CC,BA,DC,AA,CC,CC,CC,BA,AA,BA,BB,BA,2.928
CS-97127,BA,DD,BA,BB,BB,AA,DC,BA,BA,BA,DC,AA,CB,BA,CC,CB,CC,CB,DC,DC,BA,DC,CB,CB,CC,BB,DC,CB,CC,CB,BB,DD,CB,CC,CC,DC,BB,BA,CC,DC,BA,2.659
CS-97128,BB,CB,AA,BB,BB,BA,DC,BA,BB,BB,DC,BA,BA,BA,BA,BA,BB,CB,BA,DC,CB,CB,BB,BB,CB,CB,CC,BA,BB,BA,BA,CB,BA,BB,BB,CC,BB,AA,BA,BB,BA,3.174
CS-97129,BA,CC,CB,BB,CC,AA,BB,BA,BA,CB,AA,BA,CB,AA,DC,BA,CB,BA,CC,CC,BB,CC,CB,BB,CB,BA,CC,BA,CC,CB,BB,CC,AA,CC,BB,CB,AA,AA,CB,BB,BA,3.03
CS-97130,CC,DD,CB,DC,DC,BB,DC,CC,CC,DC,DC,AA,DC,BB,CB,BB,DD,CB,CC,DC,CC,DC,BB,DC,DC,CB,DC,BB,DC,DD,CC,CC,AA,DC,DC,DC,BA,BB,CC,CC,BB,2.208
CS-97131,BB,DC,CB,DC,CB,BB,DC,BA,BB,BA,CC,AA,CB,BB,CB,BB,DC,BB,CB,DC,BB,DC,BB,BB,DC,DC,DC,BB,CB,CC,BB,DC,BA,CC,DC,CC,AA,BA,CB,CC,BA,2.698
CS-97132,BA,DC,BB,CB,DC,BA,DC,BB,BA,BA,DC,BA,BA,BB,CC,BB,CC,CB,DC,DC,CB,BB,BB,CB,BB,BB,DC,CB,CB,DC,CC,DC,AA,CB,CC,CC,BA,AA,CB,CB,BA,2.823
CS-97133,BA,CC,CB,DD,DD,CB,CC,CB,BA,BA,DD,BA,CC,BB,CB,CB,DC,BB,DC,DC,DC,DC,BA,CC,DC,BB,DC,CB,CC,DC,CC,DD,BA,CC,DC,DC,BA,BA,CC,DC,BA,2.407
CS-97134,CB,DC,DC,DD,DC,BA,CC,DC,DC,CC,DD,BA,CB,CB,DD,BB,BB,BB,CC,DD,AA,DC,CB,CB,DC,CC,CC,CB,CB,CC,BB,DC,BA,CC,CC,CC,BA,BA,CC,CC,BB,2.379
CS-97135,BA,DC,BB,DD,CC,BB,CC,BB,BB,BB,BA,BB,DC,CC,CC,BA,CB,BA,CC,DC,BB,DC,BA,BB,DC,CB,DC,CB,DC,DC,CB,DC,BA,CC,CC,DC,BA,BB,CC,CC,BB,2.579
CS-97136,BA,DC,BA,DC,BB,AA,CC,BA,BA,AA,CC,BA,AA,BB,CC,BB,CC,BA,BB,DC,BA,DC,BA,BB,CC,CB,DC,CC,CC,CC,CC,DC,BA,CC,DC,DC,BB,BA,CC,CC,CB,2.711
CS-97137,DD,DC,DC,DD,DC,DC,DD,DC,CB,DC,DD,CC,DC,CC,DD,DC,DC,DD,DC,DC,CC,DD,DC,DC,DD,DD,DC,DC,DD,DD,CC,DC,BB,DC,DC,DC,BA,BA,CC,DD,CB,1.714
CS-97138,DC,CC,FF,FF,FF,BB,FF,FF,BA,CC,FF,,,,,,,,,,,,,,,,,,,,,,,,,,,,,,,2.653
CS-97139,DC,DC,CC,DC,DD,DC,DC,DD,DC,DC,DC,BA,DD,DC,DD,DD,DD,DC,DC,DC,DC,DD,DC,DD,CC,BA,DC,CC,CB,DD,DC,DC,CC,CC,DC,DD,BB,CB,CC,DC,BB,1.749
CS-97140,DC,DD,CC,DC,DD,DD,DD,DC,CC,DD,DC,BA,DD,CC,DD,DC,BB,DC,DC,DD,DC,DD,DD,DD,DD,DD,DC,DD,DD,DC,AA,DD,DD,CC,DD,DC,CB,BB,DC,DC,CB,1.708
CS-97141,AA,CB,BB,BB,BA,BA,AA,AA,AA,DC,BA,BA,CC,BA,CB,CB,AA,BA,CB,BB,AA,BA,BB,AA,BA,BB,CB,CB,CB,BB,BB,CC,BA,BB,BA,CC,BA,AA,AA,BA,AA,3.363
CS-97142,DC,BB,DD,CC,DD,CC,CB,DD,CC,DD,DD,CB,DD,DC,DC,DC,DD,DD,DD,CC,DC,DD,BA,CB,DC,DD,CC,CC,CB,DC,CB,DC,DD,DC,DC,DC,DC,CC,DC,BB,CC,1.763
CS-97143,CC,CB,BB,BA,AA,BA,CC,FF,BA,,DC,,,,,,,,,,,,,,,,,,,,,,,,,,,,,,,2.943
CS-97144,DD,DD,FF,FF,FF,DD,FF,FF,DD,FF,FF,,,,,,,,,,,,,,,,,,,,,,,,,,,,,,,1
CS-97145,AA,BA,AA,AA,AA,AA,AA,BA,AA,BA,AA,AA,AA,AA,AA,AA,AA,AA,AA,AA,AA,AA,AA,AA,AA,AA,BA,BB,AA,BA,AA,BA,AA,AA,AA,BA,BA,AA,AA,BA,AA,3.906
CS-97146,AA,AA,AA,AA,AA,AA,AA,AA,BB,AA,AA,AA,AA,AA,AA,AA,BA,BA,AA,AA,BA,AA,AA,AA,AA,AA,BA,BB,BA,AA,BA,BB,AA,AA,AA,BA,BA,AA,AA,AA,BA,3.873
CS-97147,BA,CC,AA,BA,CB,AA,BB,CC,BB,DC,AA,BB,BA,AA,AA,CC,CC,DC,CC,BA,BA,CC,BA,BB,BA,BA,CC,BA,CB,CC,CB,CB,AA,BA,BA,BA,BA,AA,BA,BB,BA,3.217
CS-97148,BA,BA,BA,DC,CC,AA,BB,BB,BA,DD,BA,BA,BA,BB,DC,CB,DC,CC,DC,CB,CB,DC,BB,CB,BB,BA,DC,CC,CC,DC,DC,CC,BB,DC,DC,DC,BA,BA,CC,CC,BB,2.603
CS-97149,AA,BA,AA,AA,BB,BA,BA,BB,BB,AA,AA,BA,AA,AA,BA,BA,BA,BA,BA,BA,BA,BA,BA,BB,AA,AA,BA,BB,BA,BA,BB,CB,BA,BA,BB,BB,BA,AA,BA,BB,BA,3.625
CS-97150,AA,BB,AA,AA,BA,AA,BA,BB,BA,AA,AA,BA,BA,AA,CB,BB,CB,BA,BA,AA,BA,CB,BA,BB,BA,BA,CB,BA,CB,CB,DD,CC,AA,BB,CC,CC,BA,AA,BA,BB,BA,3.366
CS-97151,AA,CB,AA,AA,BB,AA,BA,BB,BA,BB,AA,BA,BB,AA,AA,BA,DC,BB,CB,AA,BA,BB,AA,BB,BA,AA,CC,BA,BB,CB,BA,CC,BA,AA,BA,BB,BA,AA,BA,BA,BA,3.513
CS-97152,BA,CC,BA,BA,CB,AA,CB,DC,CC,CB,BA,BB,CC,BB,CB,DC,DC,CC,CB,CC,BB,CC,CB,BB,BB,BA,DC,CC,CC,DC,DC,CB,BA,CC,CB,DC,BA,BA,BA,DC,CC,2.631
CS-97153,BA,BA,AA,AA,BA,AA,AA,CC,AA,BB,AA,BA,AA,AA,BA,BA,CC,BA,CC,AA,BA,BB,BB,BB,BA,BA,BB,DC,CC,CB,DD,BB,BA,CB,BB,BB,BA,AA,BA,CC,BA,3.365
CS-97154,AA,BB,BA,BB,BB,BA,DC,BA,BB,DC,AA,BB,CC,BA,CC,CB,DC,DC,CB,BB,BB,CB,BA,BB,BA,BA,CC,BB,CB,DC,DD,CB,BA,CC,BB,CC,BA,AA,CB,CC,BB,2.936
CS-97155,BA,BA,BA,CB,BB,BA,CB,BA,BB,DD,BA,BB,CC,AA,CC,DC,BA,DC,DD,DC,BA,DC,BB,CC,BB,BA,DC,BA,DC,DC,DD,DC,BB,CC,DC,CC,BB,AA,DC,CB,BB,2.603
CS-97156,BA,BA,AA,AA,BA,AA,BA,BB,CC,BB,AA,AA,BA,BA,DC,BA,DC,BB,BA,BB,BA,BA,BA,BB,BA,BA,BB,BB,BB,BB,CC,BB,AA,CB,CC,CC,BA,AA,BB,CC,AA,3.254
CS-97157,AA,BA,BA,AA,BA,AA,AA,BA,BA,BA,AA,BB,AA,AA,BA,AA,BA,BA,BA,BA,BA,AA,BA,BB,AA,AA,BA,BB,BA,BA,CB,BB,BB,BA,BB,BB,BA,BA,BA,CC,BA,3.662
CS-97158,BA,CB,BA,AA,CB,AA,BB,BB,BB,BB,BA,BA,BA,BA,CB,BA,BB,BA,BB,BA,BA,CC,BB,BA,BB,BB,DC,BB,BA,BB,CC,BB,BA,CB,CC,CC,BA,BA,CB,CC,BA,3.182
CS-97159,BA,BA,BA,AA,BA,AA,BA,BA,CB,CB,BA,CB,CC,AA,DC,BA,CC,BB,CC,BB,AA,CC,BB,BB,BA,BA,DC,BA,CB,BA,BB,DC,BA,CB,CB,CB,BA,AA,BB,CC,BA,3.114
CS-97160,AA,DC,BA,AA,BA,AA,AA,AA,BB,BB,AA,BA,AA,AA,AA,AA,AA,BB,BA,AA,AA,BA,AA,BB,AA,AA,BA,BB,AA,BB,BA,CB,AA,AA,AA,BB,BA,AA,AA,BA,AA,3.725
CS-97161,AA,AA,AA,BB,AA,AA,BB,BB,CC,BB,AA,BA,BB,AA,DC,BA,DC,BB,BB,CB,BB,BA,BA,CB,AA,BB,CC,BA,BA,BA,CB,BB,BA,BB,CB,CC,BA,BA,BA,CC,BB,3.261
CS-97162,AA,BA,BA,BB,BA,AA,BA,BB,CB,BA,AA,BA,AA,AA,CB,BA,BA,BA,BA,BA,BA,AA,AA,BA,BA,BA,BA,CC,BB,BA,CC,CB,BA,AA,BA,DC,BA,BA,BA,CC,BB,3.5
CS-97163,AA,CB,AA,AA,BB,AA,BA,BA,AA,BA,AA,BA,BA,AA,AA,BA,CB,CB,BA,AA,BA,BA,AA,BB,AA,AA,BB,CC,BA,BB,BB,CB,AA,AA,BA,CB,BA,AA,BA,CB,BA,3.571
CS-97164,AA,CB,BB,AA,BB,AA,AA,CB,BB,CB,AA,BA,BA,AA,BA,BB,DC,CB,CC,BA,BA,BB,BB,BB,BA,BA,CC,CB,BB,BB,CB,CB,AA,BB,BB,CC,BA,BA,BB,CC,BA,3.227
CS-97165,AA,BB,BB,BB,BA,AA,BB,CC,BB,CB,BA,BB,CB,AA,CB,BA,CC,CB,CC,CB,BA,CC,BB,BB,BB,BA,CC,CC,CC,CC,CC,CC,CC,CC,CB,CC,BA,BA,CB,CC,BA,2.918
CS-97166,AA,BA,AA,AA,BA,AA,AA,CB,BB,BA,AA,AA,BA,AA,AA,AA,BA,BB,BA,BA,BA,BA,BA,BA,AA,BA,BB,BB,BB,BB,CC,CC,BA,BA,BB,BB,BA,AA,BA,BA,AA,3.625
CS-97167,AA,BB,AA,AA,BA,AA,AA,CC,BB,BA,AA,AA,BA,AA,AA,AA,BB,BA,BB,BA,AA,BA,AA,BA,BA,BA,BB,CB,BA,BB,CB,BB,BA,AA,BA,BA,BA,AA,BA,BA,AA,3.672
CS-97168,AA,BA,BA,CC,BA,BA,BA,BB,BB,BA,BA,BA,CB,BA,CC,BA,DC,BB,CB,BA,BB,BB,BA,CB,BA,AA,CB,CB,BA,CB,DC,CC,BB,BB,BA,DC,BA,BA,BB,CB,AA,3.241
CS-97169,AA,CC,BA,AA,CC,BA,BB,CC,BB,DC,AA,BA,BB,AA,BA,CC,DC,DC,DC,BA,CB,CC,BA,CB,BB,BA,DC,BB,BB,DC,DC,CB,AA,CB,BA,BB,BA,AA,CB,CB,AA,2.982
CS-97170,BB,BA,BA,BA,BA,BA,CB,BB,CB,BB,AA,BB,BA,AA,BB,BA,CB,BB,BA,BA,BA,BB,BA,BA,BB,BA,BB,CB,CC,CC,DC,CC,BB,BB,BB,DC,BA,BA,BA,BB,BB,3.246
CS-97171,AA,AA,BA,AA,BA,AA,AA,BA,CC,AA,AA,BA,AA,AA,BA,AA,AA,BA,AA,AA,BA,AA,AA,BA,AA,AA,BB,CB,BB,BA,BA,BA,BA,AA,AA,BB,BA,BA,AA,BA,BA,3.759
CS-97172,CB,CC,BA,BA,CB,AA,CC,CB,CB,DC,BA,CC,DC,CB,DD,AA,BB,AA,DD,DD,CC,DC,CB,CC,BA,CB,CC,CC,CB,DD,DD,DC,DC,DD,DC,CC,BA,BA,DC,DD,BB,2.35
CS-97173,BA,DC,CB,BA,CC,BA,BB,CC,BA,CC,BA,CC,BB,AA,DC,BB,CC,DC,CC,CB,BB,CB,BA,CB,BA,BA,CB,CC,BA,DC,CB,CB,BA,CB,BB,CB,BB,AA,CC,BB,AA,2.947
CS-97174,CC,BB,BB,DC,CB,BA,DC,DC,DC,DD,BB,BA,DD,BA,DD,CC,DD,DC,DC,CB,CB,DC,BB,CC,BB,BB,BA,CB,DC,DC,DC,CB,CB,DC,CC,CC,BA,AA,CC,CB,BA,2.394
CS-97175,AA,BB,AA,AA,BA,AA,BA,BA,AA,BA,AA,BA,AA,AA,BA,AA,BB,BA,BA,AA,BA,BA,AA,BA,BA,AA,BA,CB,BA,BB,BB,BB,AA,BA,BA,BA,BA,AA,BA,BA,AA,3.723
CS-97176,BA,CC,BA,AA,BB,AA,BA,BB,BA,CB,AA,BA,BA,AA,AA,BA,CC,BB,CC,BA,AA,CC,BA,BA,BB,BA,CB,BA,BB,CB,DD,CC,AA,CB,BB,BB,BA,AA,BA,DC,AA,3.266
CS-97177,BA,CC,BB,BB,BB,AA,BA,BB,BA,DC,AA,CC,BA,BA,BB,CC,DC,DC,DC,CC,BA,DC,CC,BB,BB,BB,DC,BB,CC,DC,DC,DC,BA,DC,DC,DD,BB,BB,CC,DC,BB,2.528
CS-97178,AA,CB,BB,AA,BA,AA,AA,BB,BB,BA,AA,BA,AA,BA,BA,BA,CB,BB,BA,BA,AA,BA,BB,BB,BA,BA,CC,CC,BA,BB,CB,CC,BA,CC,BB,CB,BA,BA,BA,CB,AA,3.369
CS-97179,AA,BA,BA,AA,BB,AA,BA,BB,BA,BA,BA,CC,BA,BA,BB,BB,BA,BB,BB,CB,BA,DC,BB,BB,CC,BB,DC,BB,CB,BB,CB,DC,BA,DC,DC,CC,BA,BA,BB,DC,BA,3.044
CS-97180,BA,BB,CB,AA,BB,BA,BB,BB,CC,BA,AA,BB,BA,BA,CC,BA,DC,BB,CC,AA,BA,CB,BB,BB,CC,BA,CC,DC,CC,CB,DC,DC,BA,BB,BA,CC,BA,BA,CB,BB,BB,3.076
CS-97181,BA,BB,BB,BA,BB,BA,CB,BB,CC,CB,AA,BA,BA,BB,CC,CB,DC,CC,DC,CC,BA,DC,BB,BA,CB,BA,DC,CB,CB,CC,DD,CB,BB,DC,CB,DC,BA,AA,CC,CC,BB,2.749
CS-97182,CC,BA,DC,AA,BA,BB,BA,BA,DC,BA,AA,CC,BA,BA,CB,BA,BA,BA,BB,BB,BA,CC,BB,BB,CC,BA,CC,CC,CC,BA,AA,CC,CC,CC,CB,DC,BA,BA,BA,CC,BB,3.074
CS-97183,AA,BA,BA,AA,AA,BA,AA,BB,BA,BA,AA,BA,AA,AA,AA,BA,BB,BA,BA,AA,BA,BA,BA,AA,BA,AA,CB,BA,BA,AA,BB,BB,AA,AA,AA,BB,AA,BA,BA,BA,BA,3.736
CS-97184,BA,DC,CB,CC,CC,BB,DC,DC,DC,DC,BB,BA,CC,BB,DC,DC,DC,DC,DC,DC,BA,DC,CB,CC,CB,BA,DD,CB,DC,DC,BA,CC,BB,BA,DC,CB,BB,BB,DC,DD,BB,2.311
CS-97185,BA,BB,BA,BA,BB,BA,BB,CB,BB,DC,AA,BA,CB,AA,CC,BB,DC,CB,DC,BB,BA,CC,BA,BB,BB,BA,DD,BB,CC,CB,DC,CB,BB,CC,CC,BB,BA,AA,CC,BB,BA,2.971
CS-97186,AA,BB,BA,AA,BA,BA,BA,CB,CB,BA,AA,AA,AA,BA,BA,BA,BB,BA,BA,AA,AA,BA,AA,BB,BA,AA,BA,BA,CB,BA,CB,CB,BA,AA,AA,CB,BA,BA,BA,BA,BA,3.585
CS-97187,CB,CC,CB,CC,CC,CB,DC,DC,CC,DD,CC,DC,DD,CC,DD,DD,CC,DC,DC,DD,CB,DC,DC,CC,CB,CC,BB,CC,CC,DC,BA,CC,CB,DD,BB,CC,BB,BB,CB,DC,CC,2.053
CS-97188,BB,BA,BB,CB,BB,BA,BB,BB,DC,BB,BB,CC,DC,AA,DD,BB,DC,BA,CB,CC,BA,CC,BA,BA,BA,BA,CB,BB,CC,BA,DC,DC,CB,CC,BB,CC,BA,BB,BB,BB,BB,2.895
CS-97189,CC,BA,BB,CB,CC,BA,BB,DC,CC,DC,BA,CC,DC,AA,DC,BB,DC,BB,BB,CC,CC,CC,BB,CC,CB,BA,CC,BA,CC,BB,DC,CC,CB,CB,CC,DC,BB,BA,CC,CC,BB,2.634
CS-97190,BB,CC,CB,BA,DC,BB,CC,DD,CB,DC,BB,DC,CC,CB,DD,CC,DC,DD,DC,CB,CC,DC,CB,CC,BA,BB,DC,CB,DC,DC,DC,DC,CC,CC,BB,CC,BA,BA,CC,CB,BB,2.352
CS-97191,CC,BB,DC,CC,DC,BA,DC,DD,DC,DC,CC,CC,DD,CC,DC,DC,DC,DC,DC,DC,CB,DC,CB,CC,CB,CB,BB,CC,DD,CB,BA,CC,DC,DD,CC,DC,BA,BB,DC,DC,CB,2.042
CS-97192,BA,BB,CB,CB,CC,BA,BB,BB,DC,CB,BB,CC,CB,AA,CC,BB,CC,DC,DC,CB,BB,DC,CB,CB,BA,BB,DC,CB,CC,DC,CC,BB,BB,CC,CB,DD,BB,BB,CC,DC,CB,2.555
CS-97193,AA,AA,AA,AA,AA,AA,AA,BA,BA,AA,AA,AA,AA,AA,BB,AA,AA,AA,AA,AA,BA,AA,AA,AA,AA,AA,AA,BA,AA,AA,AA,BB,AA,AA,AA,BB,BA,BA,AA,BA,BA,3.882
CS-97194,AA,AA,BA,AA,AA,AA,AA,BB,BA,AA,AA,AA,AA,AA,BA,AA,AA,AA,AA,AA,AA,AA,AA,BA,BA,AA,BA,BA,BA,AA,CB,BB,AA,AA,AA,BA,BA,AA,BA,BA,AA,3.844
CS-97195,BB,BB,BB,BB,CB,AA,BB,DC,BB,BB,BA,BA,CB,CB,DD,DC,DD,CB,DC,DC,CB,DD,DD,CC,DC,DC,CC,CC,DC,DC,BB,DC,BA,DC,DD,DD,BA,CB,DC,BB,CC,2.253
CS-97196,AA,BA,AA,AA,BB,AA,AA,AA,BB,BA,AA,AA,AA,AA,BA,AA,BA,BB,BA,AA,AA,BA,AA,BA,BA,AA,BA,BA,BA,BA,CC,BB,BA,AA,BA,BB,BA,BA,BA,BA,AA,3.705
CS-97197,AA,AA,BB,AA,BA,BA,BA,BA,BB,BA,AA,BA,BA,BA,BB,BA,BB,BA,BA,BA,AA,BA,BB,AA,BB,AA,CC,BB,BB,CB,CB,BB,BB,CB,BB,CC,BA,BA,BA,BB,BA,3.451
CS-97198,BA,AA,AA,AA,BA,AA,BA,CC,CB,BB,AA,AA,BA,AA,BB,BA,CB,BB,BB,BA,BB,CC,BA,BA,BA,AA,CB,BA,BB,BB,BA,CB,BB,BA,BB,BB,BA,AA,BB,BB,BA,3.425
CS-97199,CC,BB,BA,DC,CC,BA,DC,DD,DC,DD,BB,DC,DD,CC,DD,DC,CB,DD,CC,BB,DC,DD,CB,CC,CC,CB,CC,CC,DD,CC,BB,CC,DC,DC,DC,DD,CB,BA,DDBA,BA,DC,DC
CS-97202,BA,BA,BA,AA,BA,BA,BB,DC,CB,CC,AA,CC,DC,AA,CC,CB,DC,CC,BB,CC,BA,CB,BB,BB,BB,BA,CC,BA,CB,CB,CC,BB,BA,CC,CB,BB,BA,AA,BB,CC,BB,3.019
CS-97203,AA,BA,AA,AA,AA,AA,AA,CB,BB,AA,AA,BA,BA,AA,AA,AA,CC,AA,AA,BB,AA,AA,BA,BA,AA,BA,BB,BA,BA,AA,CB,BB,AA,BA,BB,CB,AA,AA,BB,BB,BB,3.623
CS-97204,AA,CC,AA,AA,CB,AA,BA,BB,BB,CB,AA,BA,AA,AA,BA,BB,CC,CB,CC,AA,AA,BB,BB,BA,BB,BA,CC,BB,BB,BA,BB,BA,BA,BA,BA,CB,BA,AA,BA,CB,BB,3.373
CS-97205,AA,BA,BA,AA,BB,BA,BA,BB,BA,BB,AA,BA,BB,AA,BA,BA,CC,BB,CC,DC,BA,CC,BA,CC,BA,CC,AA,BA,BB,BA,BA,DC,CB,CB,BB,BB,BB,CC,CC,CC,AA,3.164
CS-97206,AA,CC,BA,AA,CC,BA,CC,DC,BB,DC,AA,CB,CC,BA,DC,CC,DC,CC,CC,DC,BB,DD,CC,CC,CC,BB,DD,CC,DC,CC,DC,CC,BB,DC,CC,DC,BA,BA,DC,DD,CC,2.347
CS-97207,BB,DC,BB,AA,CC,AA,BB,CB,CB,CB,AA,BA,BB,AA,CC,BB,CC,CB,BB,BA,BB,CB,BB,BB,BB,BA,BB,CC,BA,DC,CB,DC,BA,CC,AA,BA,BB,AA,BA,BA,BB,3.094
CS-97208,AA,AA,BA,AA,BB,AA,BA,CB,BA,BA,AA,BB,AA,AA,BA,BA,CC,BB,BB,AA,BA,BA,BB,BA,BA,AA,BB,CB,BB,BA,BB,BB,AA,AA,BA,BB,BA,AA,BA,BB,BA,3.597
CS-97209,AA,BA,AA,AA,BA,BA,BA,BB,BA,BB,AA,AA,AA,AA,AA,AA,CB,BA,AA,AA,BA,AA,AA,BA,BA,AA,BA,BA,AA,AA,AA,BB,AA,BA,AA,BA,BA,AA,AA,BA,AA,3.809
CS-97210,BB,CC,BA,AA,BB,BA,CB,CB,CC,CB,BA,DC,BA,BB,BB,CB,DC,CC,CC,CC,BA,DC,BB,CC,BB,BB,DC,BA,BB,CB,BA,CC,AA,CC,BB,CC,AA,BA,BB,CC,BA,2.857
CS-97211,DD,DD,DD,DC,DC,BB,DD,DD,DC,DD,DC,DD,DC,DC,DD,DC,CC,DD,DC,BB,DD,DC,DC,DC,DC,CC,DC,DD,CB,DC,AA,DC,DC,DC,CC,CC,DC,CC,CB,DC,CC,1.719
CS-97212,AA,CB,BB,AA,CC,BA,AA,CB,BB,BB,AA,BA,AA,AA,AA,AA,BA,BA,AA,AA,BA,BA,BA,AA,BA,AA,BB,CB,AA,BA,BA,BB,AA,BB,AA,BA,BA,AA,AA,BA,AA,3.645
CS-97213,BB,BA,BB,BA,BB,BA,CC,BB,CC,CC,AA,BB,DC,AA,DC,CB,DC,CC,DC,BB,BB,CC,CC,CB,BB,BA,DC,DC,DC,CC,DD,CB,CB,CC,BA,CC,BA,BA,CB,CB,BA,2.717
CS-97214,AA,BB,AA,AA,CB,BA,BA,BB,BB,BA,AA,BA,BA,BA,BA,BB,CC,CC,BB,BB,BA,BB,BB,BB,BA,BA,DC,BA,BB,CB,DC,CB,BA,BB,BA,BB,BA,AA,BA,BB,BA,3.345
CS-97215,CB,CB,BB,DD,DC,BB,CC,DC,CC,DD,BB,CB,DD,BB,DD,DC,CB,DC,DC,DC,DC,DD,CB,CC,CC,BB,DC,BB,DC,DC,BA,CC,DC,DC,DC,DC,BA,BA,DC,DD,BA,2.129
CS-97216,BA,BB,AA,AA,BA,BA,AA,BB,CC,AA,AA,BB,BA,AA,CC,BB,DC,BB,CB,CC,BA,CC,BA,CB,BB,BB,DC,BA,CB,BA,BB,CC,BB,CB,DC,CC,BA,BB,CC,CC,BA,3.075
CS-97217,CB,BA,BA,AA,CC,BA,BA,BA,CC,CC,BA,BA,BA,BA,BB,CB,CC,DC,BB,CC,BA,CB,BB,CC,BB,BB,CB,BA,CC,CC,CB,DC,BA,CB,CC,DC,BA,BA,DC,BB,BA,2.931
CS-97218,DC,CC,CC,DD,DD,BB,DC,DC,BA,DC,CC,DC,DD,CC,DD,DD,DC,DC,DC,DC,DC,DD,CC,DC,CC,CC,DC,CC,DD,CC,CB,DD,DD,DC,CB,CC,BB,BA,CC,DD,BA,1.909
CS-97219,CB,CB,BA,BA,BB,BA,BA,BA,BB,DC,AA,AA,BB,AA,DC,CB,CC,CB,CB,BB,BA,CB,BB,CC,BA,BA,CC,BA,BB,DC,DC,CC,BA,CB,BA,DC,CC,BA,CB,CC,BA,2.942
CS-97220,AA,CB,BA,AA,BA,AA,AA,BB,BA,CB,AA,BA,BB,AA,BA,BB,DC,CB,CC,BB,BA,BB,BA,BA,BA,AA,CC,BA,BA,CB,CB,CC,BA,BA,AA,CC,BB,AA,CB,BB,AA,3.325
CS-97221,CC,BA,BA,AA,CC,AA,BB,BB,BB,CC,AA,BA,BA,AA,CB,CC,DC,DC,CB,CC,CB,CB,BA,CC,BA,BB,CC,BA,CC,CB,BA,CC,BA,BB,BA,CC,BA,AA,CB,BB,BA,3.023
CS-97222,DC,DC,BB,DC,DC,BB,DC,DC,BB,DC,BB,CB,DD,CB,DC,DC,DC,DD,DC,DC,CB,DD,BB,CC,BB,CC,CC,BA,DC,DC,BA,CC,CC,BB,CC,DC,BB,BA,DC,CC,BB,2.212
CS-97223,BB,BA,BA,BB,DC,BB,BB,BB,BA,DC,BA,CC,CC,BA,DC,DC,DC,DD,DC,CC,BB,DC,BB,CC,BA,CB,DC,BA,DC,DC,BA,DC,BA,DC,CC,CC,BA,AA,CB,CB,BA,2.621
CS-97224,BA,CB,BB,DC,BA,BA,BB,BA,CB,DC,BA,BB,BB,AA,CC,CC,DD,CB,CB,BB,BB,BB,BB,BA,BB,CB,DC,BA,CC,CC,DC,CC,CC,CB,BB,DC,BA,BA,CB,CB,BB,2.76
CS-97225,BA,BA,BA,BB,BA,AA,BB,BA,CB,DC,BA,AA,DC,AA,CC,BA,BA,BB,BB,BB,BA,CC,BA,CB,BA,BA,CB,BA,BB,BB,AA,CB,BB,BA,CB,CC,BB,BA,CB,BA,BA,3.229
CS-97226,AA,BB,BA,CB,BA,AA,BB,CB,BB,DC,AA,BA,BA,AA,DC,BA,CC,CC,BB,BA,BA,BB,BA,BA,BB,BA,BB,BA,CC,BB,DC,BB,BA,BA,BA,CB,BA,BA,CB,BA,BA,3.269
CS-97227,AA,AA,AA,AA,BA,AA,AA,BA,BA,BB,AA,BA,BA,AA,BA,BA,CC,BB,BA,BA,BA,AA,BA,BA,BA,AA,CB,BA,BA,BA,CB,CC,BA,BA,AA,BB,AA,AA,AA,AA,BA,3.664
CS-97228,BB,BB,BA,AA,BB,BA,BB,DC,BB,DD,BB,BB,DC,BA,DC,CB,CC,CC,BA,DD,BB,CB,BB,CC,BB,BB,DC,BA,CC,CB,DD,DC,BB,CC,BB,DC,BA,AA,BB,BA,BA,2.756
CS-97229,CB,CB,CB,BB,CC,CB,BB,CC,CC,DD,BA,CC,BB,BA,DC,BB,DD,DD,CC,BA,CB,BB,BA,BB,CB,BA,CC,BB,CB,CB,CB,CC,BA,CB,AA,BB,BA,BA,BA,BA,BA,2.895
CS-97230,CB,BB,CC,BA,DC,AA,BA,CB,BB,DD,BA,CB,BB,BA,CC,DC,DC,DC,BB,CC,BB,DC,CB,CC,BB,CB,DC,BA,CC,DC,CC,DC,BB,CC,BA,CC,BA,BA,CB,BB,BA,2.644
CS-97231,BA,BA,BB,CC,BB,BA,DC,BA,BA,DD,BB,CC,DC,CC,DC,CC,CC,CC,DC,DC,BB,DC,CC,CC,CB,CB,CB,BB,DC,DC,BA,DC,CB,CC,CC,DC,CC,AA,CB,CB,BB,2.462
CS-97232,BA,CB,BB,DC,DC,BA,CC,BA,CC,CB,BB,BB,DC,BA,CC,BB,DC,DC,DC,CC,BA,CB,BB,CB,BB,BB,DC,BA,CC,CC,DC,DC,BA,CC,BA,DC,BA,BA,CB,CB,BA,2.701
CS-97233,BA,AA,BA,BA,BA,AA,BA,BA,BA,BA,BA,BA,BB,AA,BA,AA,BA,BA,AA,BA,BA,BA,AA,BA,BA,BA,BA,AA,AA,AA,BB,CC,AA,BA,BB,BB,AA,AA,AA,BA,AA,3.727
CS-97234,BA,BB,BA,BB,CB,AA,DC,BB,BA,DD,AA,BA,BA,BA,DC,BA,CC,CC,CC,BB,BA,CC,BB,BB,BA,BA,DC,BA,CB,DC,DC,CC,AA,CC,BA,CC,BB,AA,BA,BA,BA,3.042
CS-97235,AA,AA,AA,AA,AA,AA,BA,BA,BA,BA,AA,AA,AA,BA,AA,CB,AA,BA,AA,BA,BA,AA,AA,BA,BA,AA,BA,BA,CC,BA,BB,BB,BA,AA,AA,BB,BB,AA,AA,AA,AA,3.754
CS-97236,AA,BA,AA,AA,AA,AA,BA,AA,BA,AA,AA,AA,AA,AA,AA,AA,BA,BA,AA,AA,AA,AA,AA,BA,BA,AA,BA,BA,BA,AA,BA,BB,AA,BA,BB,BB,BA,AA,BB,BA,AA,3.769
CS-97237,BA,CB,BB,AA,BB,BA,BA,BA,CB,BB,AA,BB,CB,BA,CC,BA,DC,BB,CB,DC,BA,CB,BB,BB,BB,BB,CC,BB,CC,CC,DC,CC,BA,CB,CB,CC,AA,BA,CB,BB,BB,2.948
CS-97238,DC,BB,CB,CB,DC,AA,CC,DC,CC,DD,AA,CC,DD,CB,DC,DC,BB,DC,DC,DC,BB,DC,CC,DC,CB,BB,DD,BA,DC,DC,BB,DC,CC,DD,CC,CC,BB,AA,CC,CB,BB,2.206
CS-97239,AA,BA,BA,BA,AA,AA,BA,BA,BB,BB,AA,BB,BA,BA,DC,BA,CB,CB,BB,BA,BB,BB,BA,BA,BB,BA,BB,BA,CC,AA,BA,CC,BA,BA,CC,DC,BA,BA,CB,BB,BB,3.353
CS-97240,AA,BB,AA,AA,BA,AA,BA,AA,BA,AA,AA,AA,AA,AA,BA,AA,BA,BA,BA,AA,AA,AA,BA,BA,BA,BA,BB,BB,AA,BA,CC,BB,BB,BA,BB,CB,BA,AA,BB,BB,AA,3.573
CS-97241,AA,BA,AA,AA,BB,AA,BB,CB,BA,CC,AA,BB,BB,AA,DC,BA,CC,DC,CB,AA,BB,BB,BA,CB,BB,BA,CC,BA,BB,BB,DD,CB,AA,AA,AA,CB,BA,BA,BA,BA,BA,3.267
CS-97242,BA,CC,AA,CB,CB,AA,BB,BA,CC,DC,AA,BB,BA,BA,CC,CB,DC,DC,CC,BA,CB,BB,BB,CB,CB,BB,DC,BA,CC,DC,CC,CC,BA,CB,BB,CC,CC,BA,CB,CC,BA,2.756
CS-97243,BA,CB,BA,AA,CB,BB,BA,BB,BB,DD,AA,DC,CB,BA,DC,DC,DC,DC,DC,BB,BA,DC,CB,CB,CB,CB,DC,BA,DC,DC,DC,CC,CB,DC,CB,CC,BB,BA,CB,CB,BB,2.595
CS-97244,AA,BA,BA,AA,BA,AA,BA,BB,BA,BB,AA,BA,BA,AA,AA,BA,CC,BB,BA,BA,BA,BA,BA,BA,BA,AA,CB,BA,BA,BB,CB,CC,BA,BB,AA,CB,AA,AA,BB,BA,AA,3.593
CS-97245,AA,BA,BA,AA,BB,BA,BB,BB,BA,CC,AA,BB,BA,BB,DC,BB,CC,CC,CB,BA,CB,BB,BA,BA,CB,BA,CB,BA,CB,CC,BB,CC,BA,BA,BA,CB,BA,BA,BA,CB,BA,3.271
CS-97246,BB,CB,BA,CC,BB,AA,CB,CC,CB,CC,BA,BB,CC,BB,DC,CB,DC,CB,CC,CC,CB,CC,BB,BB,CC,CB,DC,BB,DC,DC,BA,DC,CB,CC,CC,CC,BA,BA,CC,CB,BA,2.605
CS-97247,BA,CB,BA,AA,CB,BA,DC,BA,BA,CB,BA,CB,BA,BA,CC,BA,DC,CC,CC,CB,BA,CB,CB,CB,BA,BA,CC,BB,BB,CC,DC,CC,BA,BB,BA,BB,BA,BA,BB,BA,BA,3.058
CS-97248,BA,BB,BA,BB,CB,BA,CB,BB,BB,DC,BA,BB,CB,BB,DC,BB,DC,DC,CB,DC,BA,DC,BB,CB,BB,CB,DC,BA,DC,DC,CC,DC,BB,CC,CB,CB,BB,BA,CB,CC,BA,2.687
CS-97249,AA,BA,AA,AA,BA,BA,BA,BB,BA,CB,AA,BA,AA,AA,BA,BB,BB,CC,BB,AA,BA,CB,BA,CB,BB,BA,BA,BA,BB,BA,AA,CC,AA,BB,BB,CB,BB,BA,BB,BB,BA,3.432
CS-97250,BA,BA,BA,CB,CB,BB,BB,CB,CC,DD,AA,BB,CC,BA,DC,BB,CC,DC,DC,BB,CB,CB,BB,CC,CB,BB,CC,BA,CC,CC,BA,CC,CC,CB,BB,DC,BA,BB,CB,BB,BA,2.785
CS-97251,AA,BA,BA,BA,BA,AA,BA,BA,CB,AA,BA,DC,BA,AA,CC,AA,CB,BB,BA,BA,BA,CB,BA,BB,BB,BB,BB,BA,BB,BA,CB,CB,BA,BB,CC,CB,BA,BA,BA,CB,BB,3.328
CS-97252,BB,BA,BA,BB,CB,AA,CB,CC,BB,DC,AA,CB,CC,AA,DC,BB,DC,CC,CC,BB,BB,DC,CB,CC,CB,BA,CC,BA,CC,CC,CC,CC,BB,CC,BA,DC,AA,BA,CC,CB,BB,2.756
CS-97253,BB,BB,BB,BB,BB,BA,BB,BA,BB,CC,AA,CC,CB,BB,BA,BB,CC,CC,CB,BB,BA,BB,BA,BA,BB,CB,CC,BA,CC,CC,CB,CB,BA,CC,BB,DC,BA,BA,BB,CB,AA,3.043
CS-97254,CB,AA,BB,AA,BA,AA,CC,CB,CC,DD,CB,CB,AA,BA,DD,BB,CC,DC,CB,DC,CC,DC,BB,CC,BB,CB,DC,BB,CB,CC,DC,DC,CB,CC,CC,DC,CC,BB,CC,DC,CC,2.44
CS-97255,AA,BB,AA,AA,BA,BA,BB,BA,BB,BA,AA,BA,BA,BA,BA,BA,CC,AA,BB,BB,AA,BA,AA,BB,BA,AA,CB,BA,BB,BA,BB,CC,BB,AA,CB,BA,BB,BA,BA,BA,BA,3.512
CS-97256,DC,DD,DC,CC,DD,BA,DD,DD,CC,DC,DC,CC,CC,DC,CC,DD,CC,DC,DD,CB,DC,DD,DC,DC,DC,DC,DD,CB,BB,DC,DC,DC,DC,DC,CC,DC,DC,CC,CB,DC,CB,1.764
CS-97257,CB,DC,BB,CB,DC,BA,CC,BB,CB,DD,BA,CB,BB,BB,CC,CC,DC,DC,DC,CB,BB,DC,CB,CC,BB,CB,DC,BA,CC,CC,BA,BB,BB,CC,CB,DC,AA,BA,DC,CC,BA,2.605
CS-97258,CB,BB,BB,BB,DC,BA,DC,BB,CC,DC,BB,BB,DC,BB,DC,CC,DC,DC,DC,CB,CC,DC,CC,CC,CB,BB,DC,BA,DC,DC,BB,DC,BB,DC,DC,DC,BB,BA,CC,DC,BA,2.311
CS-97259,BA,CC,BA,AA,BB,AA,BA,BA,BA,BB,AA,BB,BA,BA,BA,BA,DC,CB,AA,BB,AA,BA,BA,BB,BA,AA,BA,BB,BA,CB,CB,CB,BA,AA,BA,CB,BA,AA,BB,BA,BA,3.479
CS-97260,BA,BB,BA,AA,BB,AA,AA,BA,BA,BB,AA,BA,CB,AA,CC,BB,BB,BB,BB,BA,BA,BA,BB,CB,BA,AA,BB,BA,BB,CB,BB,CC,BB,CB,BA,BA,BA,AA,BA,BA,BA,3.447
CS-97261,AA,BA,AA,AA,AA,AA,AA,BA,BA,BB,AA,BA,BA,AA,BA,AA,CB,CB,BA,AA,BA,AA,AA,AA,BB,AA,BA,AA,AA,BA,BA,BB,AA,AA,AA,BA,BA,AA,BA,AA,AA,3.751
CS-97262,BB,DC,DC,BB,CB,AA,CB,CB,BB,CC,AA,DC,CC,BB,DC,BB,DC,CC,CC,DC,CB,DC,CC,BB,BB,BA,DC,BB,CC,DC,DD,CB,CC,DC,CC,DC,BA,BA,CC,CC,BB,2.484
CS-97263,BA,BB,BB,BA,BA,AA,BB,BB,CB,BA,CB,BB,DC,BA,DC,CB,CC,BA,CC,DC,DC,DC,CB,BA,CC,CB,DC,BA,DC,CC,BA,DC,DC,CC,CC,DD,AA,BA,CB,DC,BB,2.704
CS-97264,CB,CB,CB,AA,DC,BA,BB,CC,BB,DC,BB,DC,BB,BA,BA,DC,DC,DC,CC,BB,BB,CB,CB,BA,BA,CB,CC,BA,BB,DC,BA,CC,BA,CB,CB,CC,BB,AA,CB,CB,BA,2.806
CS-97265,AA,DC,BA,AA,BA,AA,AA,AA,BA,BA,AA,BA,AA,AA,AA,AA,BA,BA,BA,AA,BA,AA,AA,BA,BA,AA,BA,BA,AA,BA,BA,CC,BA,AA,AA,BA,AA,AA,BA,BA,BA,3.755
CS-97266,BA,BA,BA,BB,BB,BA,BA,BA,BB,CC,AA,CB,BB,AA,CC,BA,DC,BB,CC,BB,BB,CC,CB,CB,CB,CB,CB,BB,CB,CB,DC,CC,CB,DC,BB,CC,AA,BA,CB,DC,CB,2.925
CS-97267,BA,BA,AA,BB,CB,AA,BA,BB,CC,CC,AA,BA,CC,AA,BB,AA,DC,BA,BA,AA,CB,BA,AA,AA,BA,AA,AA,BA,BA,BA,BA,BB,AA,BA,BA,CB,AA,BA,AA,BA,AA,3.54
CS-97268,BA,CC,BA,BA,CC,BB,CC,BA,BB,DD,BA,BB,DC,AA,DC,DC,DC,DD,DC,CC,BB,DC,CC,CB,CB,BB,DC,BA,DC,DC,DC,DC,CC,DC,DC,DD,BB,BA,CC,CC,BB,2.388
CS-97269,AA,BA,BB,BA,BA,BA,BB,BA,BA,CC,AA,BA,BA,AA,BA,BA,CC,BA,BA,BA,BA,BA,BA,BB,BA,BA,BA,BB,BB,BA,BB,BA,BB,BB,AA,CB,BB,BA,BA,BA,BA,3.473
CS-97270,BB,BA,BB,BB,BB,BA,BB,BA,BB,DD,BA,BA,BB,BA,DC,CC,DC,DC,BA,CC,BB,CC,BB,BB,BB,CC,CC,BB,CB,CB,CB,DC,BA,CC,BB,CB,CB,BA,CB,CC,BB,2.845
CS-97271,AA,BB,BA,BA,BA,AA,BA,BB,BA,BA,AA,AA,BB,AA,CB,BA,DC,BA,BA,BA,BA,BA,BA,BA,BA,AA,BB,BA,BB,BA,BA,CC,AA,BB,BA,BB,BB,AA,AA,BB,BA,3.555
CS-97272,BB,AA,AA,CB,BB,BA,BB,CC,DC,DD,BA,BB,DD,AA,BB,BB,DC,DD,DC,CC,DC,BB,AA,BB,AA,BB,CC,BA,BB,DC,DC,CB,BB,AA,CB,CB,BA,BA,CB,BA,BB,2.854
CS-97273,CB,CB,BA,BB,BB,BA,CB,DC,CB,CB,BB,CB,BB,AA,CC,BB,CC,BB,BA,CB,BB,BB,BA,BB,BB,BB,CC,CB,BB,CC,BB,CC,BA,BB,BB,CB,BA,BA,BB,BB,BB,3.055
CS-97274,CB,BB,CB,CB,DC,BA,CB,DC,BB,DC,CB,BB,CC,BA,DD,CC,DD,DC,DC,CC,CB,CC,BB,CC,CB,CB,DC,BB,CC,DC,DD,CC,BA,CB,CB,DC,BA,BA,DC,DC,BA,2.391
CS-97275,BB,BB,BB,BB,CC,BB,DC,DC,BB,DC,BB,CB,AA,BB,CC,BB,CC,DD,DC,BA,CB,CC,BB,DC,BB,BA,CC,CC,CC,DC,CC,CC,BA,CB,CC,DC,BA,BA,CC,CB,BA,2.619
CS-97276,CB,BB,BB,DC,DC,BB,DC,DD,DC,DD,CB,DC,DD,DC,DD,DC,DC,DC,DC,DC,DC,DD,CC,DC,CC,DC,DC,CB,BA,CC,BA,DC,CC,DC,DC,DC,BB,BB,DD,DC,BB,1.905
CS-97277,DD,CC,CB,DD,DC,BB,DC,DC,DC,DD,DC,CC,DC,DC,DC,CC,CC,DC,CC,CB,DC,DD,CC,DC,CB,DC,BB,DC,CB,DD,CB,DC,CB,CB,CB,CC,BB,BB,DD,DD,CC,2.009
CS-97278,BB,DC,DC,BB,DC,AA,BA,BB,CC,DC,BA,BB,BB,BA,CB,BB,DC,DC,DC,BB,BA,CB,CB,CC,CC,BB,CC,BB,CB,CC,BA,CC,CB,CB,BB,CC,BB,BA,DC,CC,BA,2.705
CS-97279,CC,BA,BB,CC,CB,BB,DC,DD,CC,CB,BB,BB,DC,CC,DC,CB,DC,CB,DC,AA,CC,CC,CC,DC,CC,CB,DC,CC,DC,DC,BA,DC,CC,CC,CC,DC,BA,BA,CC,CC,BB,2.408
CS-97280,CC,DC,BB,CC,DC,BA,CC,CC,CB,DD,BA,CC,DC,BA,CC,CC,DD,DD,DC,CC,CC,CC,CB,DC,BB,CC,DC,BB,CC,DC,DD,DC,CC,DC,CB,CC,BB,BA,DC,CB,BA,2.298
CS-97281,AA,BA,BA,AA,BA,AA,CC,AA,BA,BB,AA,AA,BB,AA,BA,BA,BA,CC,AA,BA,CB,AA,BA,BA,BB,BA,BA,BA,BA,AA,AA,CC,BA,BA,BB,CC,BB,BA,AA,BB,BA,3.521
CS-97282,FF,DC,FD,FD,FD,DD,,DD,FF,FD,DD,FD,FD,FF,FF,FF,FD,FD,FD,,FD,,,,,,,,FF,FF,,,,,,,,,,,,1.092
CS-97283,CB,CC,DC,DD,BA,CB,BB,BB,,DD,DC,BA,CC,CB,BB,DD,CC,DC,CB,,DD,,,DD,DC,CC,FD,,DC,DC,FD,,,,DD,,,,,,,2.086
CS-97284,DC,DD,DC,DD,DC,CC,BB,DC,DC,DC,DD,CB,DD,DC,DC,DC,DD,DD,DD,DD,DD,DD,CC,DC,DC,DD,DC,DD,CC,DC,CC,DC,BA,DC,DC,DC,BB,BB,DC,,DC,2.086
CS-97285,BA,BA,AA,AA,AA,AA,BA,AA,BA,AA,AA,AA,AA,BB,AA,AA,AA,AA,AA,AA,AA,AA,AA,AA,AA,AA,AA,BA,AA,AA,AA,BB,AA,AA,AA,AA,,AA,BA,AA,BA,3.919
CS-97286,BB,AA,AA,AA,AA,AA,BA,AA,AA,AA,AA,AA,AA,AA,AA,AA,AA,AA,AA,AA,AA,AA,AA,AA,AA,AA,AA,AA,AA,AA,AA,BB,AA,AA,AA,AA,,AA,AA,AA,AA,3.972
CS-97287,BB,BA,AA,AA,AA,BA,BA,AA,AA,AA,AA,BA,BA,BA,AA,BA,AA,BB,AA,AA,AA,AA,BA,AA,AA,BA,AA,AA,AA,AA,AA,BB,AA,AA,AA,BA,,AA,BA,AA,BB,3.856
CS-97288,BB,BB,AA,BB,BA,AA,BB,BB,BB,AA,AA,AA,BA,BB,AA,AA,AA,BB,AA,AA,AA,AA,AA,AA,AA,AA,AA,AA,AA,BA,AA,BB,AA,BB,AA,BA,,AA,BB,BB,BA,3.772
CS-97289,DD,DC,DD,CC,DD,DD,CB,FD,DC,FD,FD,FD,FF,,,,FF,DC,,,,,,,,,,,FD,DD,,,,,,,,,,,,0.998
CS-97290,CB,AA,AA,AA,AA,AA,BA,AA,AA,AA,AA,AA,AA,AA,AA,AA,AA,BA,AA,AA,AA,AA,AA,AA,AA,AA,AA,AA,AA,AA,AA,BB,AA,AA,AA,BA,,AA,AA,AA,BA,3.943
CS-97291,BB,CC,BB,CC,BB,BB,BB,BB,BB,BB,BB,AA,CB,BB,BA,CC,BB,CC,CB,BB,BA,BB,BB,BA,CC,BB,AA,CC,BB,BA,BB,CB,BB,BB,BA,CB,,AA,BB,BA,BB,3.071
CS-97292,BB,CB,AA,BB,AA,BB,BB,AA,BB,CC,BB,AA,AA,BA,AA,AA,BB,BB,BA,BA,AA,BA,AA,BB,BB,AA,AA,BB,BA,BB,BA,BB,AA,AA,AA,BB,AA,AA,BB,AA,,3.605
CS-97293,BA,CC,AA,BA,AA,BA,BA,AA,BA,BB,BB,AA,BB,AA,AA,BA,BB,BB,BA,AA,AA,BA,AA,BA,BB,BA,AA,BB,BA,BB,AA,BB,BB,AA,AA,BB,BA,AA,BB,AA,,3.653
CS-97294,DD,DC,DD,CC,DC,DC,BB,DC,CC,DC,DC,CC,BB,CC,DC,CC,CC,CC,CC,DC,CC,DC,BB,FD,FF,DD,DD,CC,DC,DC,BB,CC,AA,FD,BB,FD,DC,CC,BB,CB,,1.876
CS-97295,CC,BB,AA,BA,AA,BB,BA,AA,CB,BB,BA,AA,BB,AA,AA,AA,BA,BB,BB,AA,AA,AA,AA,BB,BB,AA,AA,BA,BB,CB,BA,BB,AA,AA,AA,AA,AA,AA,BB,AA,,3.668
CS-97296,DC,CC,CB,CB,BB,CC,BB,CB,DC,CC,CB,BB,DC,DC,BB,BB,CC,DC,BB,BB,AA,CB,BA,BB,CC,BB,AA,CC,CB,CC,CB,CB,BB,BB,DC,BB,BB,BA,CB,AA,,2.791
CS-97297,DD,BB,DD,DC,DC,AA,BB,DD,DC,CC,CC,BB,DD,DD,CC,DD,CC,BB,CC,BB,DC,DC,DD,DC,CB,DC,AA,CB,DD,CC,DC,CC,BA,DD,DD,FD,,CC,DD,CC,CC,1.919
CS-97298,CC,DC,BB,DC,BB,BB,BB,CB,CC,CC,CC,BA,DC,DD,BB,CC,CB,BB,DC,BA,BB,BA,BB,CB,DD,BB,AA,DC,DC,CB,AA,BB,BB,CB,BA,CC,,AA,BA,BB,BB,2.775
CS-97299,BB,BB,BA,CC,BB,CB,BB,BA,BB,BB,BB,AA,DD,CB,CB,CC,CC,BB,CC,CC,CB,BB,CC,CC,BB,DC,BA,CC,CC,BA,BB,BB,DC,DC,BB,CC,BB,BA,CC,BB,,2.654
CS-97300,CC,BB,BA,CB,BB,CC,CB,AA,BB,CB,BB,BB,BB,BA,AA,BB,BA,BB,BA,AA,AA,BA,BB,BA,BB,BB,AA,BB,BA,BB,BA,BB,BA,BB,AA,BB,,AA,BA,BB,BB,3.416
CS-97301,CC,CB,DC,BB,BA,DC,BA,BA,CC,DC,CC,AA,DD,CC,AA,AA,CB,DC,CB,BB,BB,BA,BB,BB,CC,BB,AA,CC,CB,BA,BB,BB,CB,BB,BA,BB,BB,AA,BB,AA,,3.017
CS-97302,BB,BB,AA,BB,AA,AA,BB,AA,AA,BB,AA,AA,BA,AA,BA,BB,AA,CB,BA,AA,AA,AA,BB,BA,BA,BB,AA,BB,AA,CB,BA,CB,AA,BB,AA,BA,,AA,BA,BB,BB,3.656
CS-97303,BB,BA,AA,BB,AA,BB,BA,AA,AA,AA,AA,AA,CB,BA,AA,AA,AA,CB,AA,AA,AA,AA,AA,AA,BB,AA,AA,AA,AA,BA,AA,BB,AA,BA,AA,BB,,AA,BA,AA,BA,3.798
CS-97304,DD,DC,DC,BB,AA,CB,BB,BB,CC,CC,CC,AA,DC,BB,CB,BB,BB,CC,BB,CB,BA,BB,BB,CB,DC,BB,AA,CC,BB,CB,BB,CB,CC,CB,DC,BB,BB,AA,CB,BB,,2.736
CS-97305,DC,CC,CC,BB,AA,CC,BB,BA,CC,CC,BB,BB,CB,BB,BA,BB,CC,BB,BB,BA,BA,BA,AA,BB,CC,BB,AA,CB,DC,BB,BB,CB,BB,BA,BA,BA,BA,AA,CB,AA,,3.156
CS-97306,CB,AA,AA,AA,BA,BA,BA,AA,AA,AA,AA,AA,AA,AA,AA,BB,AA,BB,BA,AA,AA,BA,AA,AA,BA,AA,AA,AA,AA,BA,AA,BB,AA,BB,AA,AA,BA,AA,BB,AA,,3.84
CS-97307,CC,CC,BB,BA,BA,CC,BB,AA,DC,DC,BB,BB,BA,BB,BA,BB,BB,BB,CC,BB,BB,BA,AA,CC,DC,BB,AA,DC,CC,DC,BA,CB,BB,BB,BB,BB,BB,AA,BB,AA,,3.058
CS-97308,CC,CC,BA,BB,BB,BB,BB,BA,BB,BB,BA,AA,DD,BB,BA,CB,BB,CB,BB,BA,BA,AA,AA,BB,CB,BB,AA,BB,BB,BA,AA,BB,BB,CC,AA,BA,BB,AA,BB,BA,,3.318
CS-97309,DC,CC,BB,BB,BB,CC,BB,AA,DC,CC,BB,BB,CC,CB,BA,BA,CC,BB,CC,BB,BB,BB,BB,CC,CC,BB,AA,DC,CC,BB,BA,BB,DC,BB,BB,BB,BB,AA,BB,AA,,2.922
CS-97310,DD,DD,DD,DD,CC,CC,BB,DC,CC,DD,CC,DC,BB,DC,BB,DC,CC,CB,BB,BB,CC,CC,BB,CC,DD,CC,BA,DD,DD,CC,DC,BB,DC,DC,BA,CC,CC,BA,CC,BB,,2.196
CS-97311,CC,CB,BB,BB,AA,BB,BB,AA,BB,BB,BB,AA,DC,BB,BA,AA,BB,BA,BB,BB,BA,BA,BA,BB,DC,BA,AA,CB,CC,BB,AA,BB,BB,BB,BA,BB,BB,AA,BB,AA,,3.335
CS-97312,BA,BB,AA,BB,AA,BA,BA,AA,AA,CB,BA,BA,CC,AA,BA,BB,BB,CC,BA,AA,AA,AA,AA,AA,BB,AA,AA,BA,BB,BB,AA,BB,BB,BA,AA,BA,BA,AA,AA,AA,,3.659
CS-97313,BB,CC,BB,CC,BA,CC,BA,AA,BB,CC,BA,BB,BA,BA,BB,BB,AA,CC,BB,BB,BB,BB,CB,BB,BB,CB,AA,BB,BB,AA,BB,BB,BA,BB,BB,BB,CC,BA,CC,BA,,3.167
CS-97314,DC,BA,AA,BB,AA,DC,BB,CB,BB,CC,AA,BA,DC,BA,AA,BB,AA,DC,AA,AA,AA,BB,CB,AA,BB,AA,AA,BB,AA,BB,BA,CB,BA,BB,AA,AA,,AA,BB,BA,BB,3.418
CS-97315,DC,CC,CC,CC,CC,DC,BB,DC,DD,DC,CC,CC,DD,CC,BA,BA,DC,CC,CB,BB,BB,BA,BB,BB,DC,BB,AA,BB,DC,BB,BB,BB,BB,BB,BA,BB,CB,BA,BB,BA,,2.729
CS-97316,CC,AA,AA,BA,AA,BA,BB,AA,BB,BB,AA,BA,AA,AA,AA,BA,AA,AA,AA,AA,AA,AA,BA,AA,AA,AA,AA,AA,AA,CC,BA,BB,AA,BB,BA,BA,,AA,BB,BA,BB,3.737
CS-97317,CC,CC,BB,CC,BB,BB,BB,AA,BA,AA,AA,DC,CC,CB,BB,CB,AA,CC,BB,BB,BB,BB,CB,BA,CC,CB,AA,CC,CB,CC,BA,BB,BA,DC,BA,BB,CC,AA,BB,BB,,3.06
CS-97318,CC,CB,BB,BA,BB,BB,BB,BA,CC,CC,BB,BA,CC,BB,BB,BB,BB,BB,CC,BB,BB,BB,BB,CB,CC,BB,AA,CC,BB,BB,BB,CB,BB,CC,BB,BB,BB,AA,BB,BB,,3.033
CS-97319,BB,BB,AA,BA,AA,BB,BA,AA,BA,BB,BB,BA,CC,CC,AA,BA,BB,BB,BB,BB,BB,BA,AA,BB,BB,BA,AA,CC,BA,BA,AA,BB,BB,BB,AA,BB,BB,AA,BB,BA,,3.476
CS-97320,DC,DD,BA,DD,CC,DC,BB,DC,DC,DD,DD,BB,DD,AA,BB,DC,CC,DC,BB,CC,DC,CB,DC,CC,DC,DC,AA,DD,DD,BB,BB,CB,DC,CC,BB,CB,CB,BB,CC,BB,,2.191
CS-97321,DD,DC,DD,CC,CC,DD,BB,DD,DD,DC,DD,BA,DD,DD,BB,BB,DD,CC,DD,BB,BB,BB,CB,CB,DC,CC,AA,CC,DC,BB,BB,BB,DD,CC,CC,CB,BB,AA,BA,BB,,2.266
CS-97322,CB,BB,BB,CC,BA,BB,BA,AA,BA,BB,BA,AA,BB,CB,BA,BA,AA,CB,BB,BA,AA,BB,BB,BA,CC,BB,AA,CC,BB,AA,BA,BB,BB,BB,BB,CB,,BA,BB,BA,BB,3.33
CS-97323,CC,AA,DD,BB,BA,BA,CC,DC,DC,DC,DD,DC,DD,DD,DD,DC,DC,DC,DD,DC,CC,DC,DC,DD,DD,CC,BA,CC,DD,BB,DD,CC,DC,CC,DC,CB,CC,BB,DD,CC,,1.886
CS-97324,DC,CB,BB,CC,BA,DC,BB,CC,BB,CB,BB,AA,DD,DC,BB,BB,BB,BB,CB,BB,BB,BB,BB,BB,DD,BA,AA,DC,DC,BB,BB,BB,CB,CB,BB,CB,BB,AA,BB,BB,,2.914
CS-97325,DD,DC,BB,DC,CC,DD,BB,DD,DC,DD,DC,BB,DD,BB,CC,CC,DC,CB,DD,CC,CC,CC,DD,DC,BA,DC,BB,DD,BA,DD,CC,CC,DD,CC,BB,CC,,BB,CC,BB,BB,2.028
CS-97326,BB,BB,AA,BA,AA,AA,BA,AA,BB,BB,BA,AA,AA,BB,AA,BA,BA,BA,BA,AA,BA,BA,BA,AA,BB,BA,AA,BB,BB,BB,AA,BB,BA,BB,CB,BB,BB,AA,BA,BB,,3.574
CS-97327,DD,CC,DD,DD,CC,CB,BB,DD,DC,DD,DD,CC,DD,DD,CC,CC,CC,CC,DC,DC,CC,CB,BB,BA,DC,DC,BA,DC,DD,CC,BB,DC,DD,CC,DC,CC,,BB,CC,CB,CB,1.955
CS-97328,DD,CC,DD,DD,CC,DC,CC,BB,CC,BB,CC,CC,DD,DC,BB,CC,DC,CB,CB,DC,CC,CB,DD,DC,CC,DD,BB,CC,DC,CC,CC,CB,DC,CC,BB,CC,DC,BB,DC,CC,,2.003
CS-97329,CC,CB,CC,BB,BA,DC,BA,AA,BB,CC,DC,BB,BB,BB,BA,BA,BB,AA,BB,BB,BB,BA,CB,BA,DD,BA,AA,CC,BB,BA,BA,CB,BB,BA,BA,BB,AA,AA,BA,BA,,3.259
CS-97330,CC,BA,AA,BB,AA,BB,CB,AA,BB,BA,AA,BB,AA,BB,AA,BB,AA,CC,AA,AA,AA,AA,BB,AA,BA,AA,AA,BB,AA,BB,AA,CB,AA,BA,AA,BA,,AA,BB,AA,BA,3.641
CS-97331,DD,CC,BB,DC,CB,DC,AA,BA,DC,DD,DC,BA,CC,CB,BB,BB,BB,CC,DC,BB,BB,CB,CC,CB,DC,CB,AA,DD,BB,BB,BB,CB,CC,CB,BB,CC,,BA,CC,BB,CB,2.599
CS-97332,CC,CB,CC,DC,CB,CB,BB,CC,CC,DC,DC,CC,DD,DC,CB,CC,BB,CC,DD,CB,BB,BB,DC,CC,DD,DC,BA,DC,DD,BB,DC,DC,CC,DD,DC,BB,CC,BB,CC,BB,,2.188
CS-97333,CC,DC,CC,DC,CC,DC,BA,CC,DC,BB,CB,BB,DC,CB,BA,CC,BB,CB,CC,BB,BB,BB,CC,BB,DC,BB,AA,DC,DC,CC,BB,CC,BA,CC,AA,BB,,BA,CB,AA,BA,2.716
CS-97334,BB,CC,CB,CC,BA,CC,BB,BB,BB,CB,CB,BA,DD,CC,BA,BB,CC,BA,CC,BB,CC,BB,CB,CB,DD,DC,BA,DC,CC,CB,BB,CB,DC,CC,DC,CC,BA,BA,BB,BA,,2.619
CS-97335,CC,CB,CB,BB,BB,CC,BB,BA,CC,CB,BA,BA,BB,CC,BB,BA,BB,CC,CC,BB,BB,BB,CC,BB,DC,BA,AA,CC,BB,BA,BB,CB,CB,CB,CB,BB,BB,BA,CB,BA,,2.995
CS-97336,DD,DC,DD,DC,CC,CB,CB,DC,DC,DD,DD,CC,DD,DD,CC,CC,CC,CC,DD,DC,CC,DC,DC,BA,DC,DC,AA,DC,DD,BA,CB,CC,CC,DC,DC,CC,DC,BB,CC,BB,,1.936
CS-97337,BB,BB,AA,CC,BA,BB,BB,BB,BA,AA,AA,BA,CB,BB,AA,BA,AA,CC,AA,AA,AA,BB,BB,BB,BA,AA,AA,AA,AA,AA,AA,BB,BA,CB,AA,BA,,AA,BB,AA,BB,3.615
CS-97338,BB,CB,DC,CC,CC,DC,BB,BB,DC,CC,BB,BB,DC,DC,CB,CB,CC,CC,DC,CC,CC,BB,DC,BB,DC,CC,AA,DD,DC,BB,BB,DD,BB,CC,BA,BB,,BB,CB,BB,BB,2.488
CS-97339,BA,AA,BB,BB,AA,CB,BB,AA,BB,CB,BB,BB,BB,BB,BA,BB,AA,CC,BB,BB,BA,BA,BB,BA,CC,BB,AA,CB,BA,BA,BA,CB,AA,BB,BA,BB,,BA,BA,BB,BB,3.408
CS-97340,DD,DD,BB,DC,CC,BB,CB,CC,CC,DC,DC,CB,DD,DC,BB,BB,DC,CC,CC,BB,CB,BB,BB,BB,DC,CB,AA,CC,DC,CC,BB,BB,CB,CB,CC,BB,BB,BA,CC,BB,,2.49
CS-97341,DD,DD,BB,CC,DD,CB,BB,CB,CB,DD,DC,CC,CC,FD,DC,CC,DC,DD,DC,DD,DC,BB,BB,CC,CC,DD,CC,FF,DD,BB,DD,DC,AA,FD,BB,FD,,FD,CC,BB,DC,1.804
CS-97342,CC,CB,BB,CC,BB,CB,BB,BB,BB,DC,CB,CC,BB,DD,BB,BA,CB,DC,CB,BB,BB,BB,BB,CC,BB,CC,AA,CC,CC,BA,BA,BB,AA,CC,CC,BA,BB,AA,BB,BA,,2.88
CS-97343,CB,BA,AA,BB,BA,BB,BB,AA,BA,BB,AA,BA,BB,CC,BB,BB,AA,CB,BB,CC,BA,BB,DD,BB,CC,CB,AA,CC,BA,BB,CB,CC,CC,BB,AA,BB,AA,BA,BB,BB,,3.184
CS-97344,CC,BB,CB,BB,AA,CC,BA,BB,BB,CB,BB,BA,DC,CC,BB,DC,BB,DC,CC,BB,BB,BB,BB,BB,DC,CB,AA,CC,CB,BA,BB,CC,BA,BB,BA,BB,,AA,BB,AA,BB,2.984
CS-97345,BB,BB,CB,BB,CB,BB,BB,CB,DC,DC,DC,CB,DC,CB,BB,BB,BB,CB,DD,DD,BB,CB,DC,DC,DD,CB,BB,DC,DC,CC,BB,CC,CC,DC,CC,BB,CC,BB,CC,BB,,2.384
CS-97346,DC,DC,DD,CC,CB,DC,BB,DC,BB,DC,DC,BB,BB,CB,BB,CB,DC,CC,CC,BA,BB,CC,DD,DC,DC,CC,AA,DC,DC,CC,CC,DC,AA,CC,CC,CC,BB,BB,CC,BB,,2.236
CS-97347,CC,BB,BA,AA,AA,BB,BA,AA,CB,CC,CB,AA,CC,BB,BB,CB,CB,DC,CC,AA,BB,BB,CB,BB,CC,BB,AA,CB,CB,BA,BA,CB,CB,BB,DC,BB,,AA,BA,AA,BB,3.09
CS-97348,BB,BB,AA,BB,AA,AA,BB,AA,BA,CB,BA,AA,AA,BB,BA,BA,BA,BA,AA,AA,AA,BA,BB,AA,CB,BA,AA,AA,BA,AA,AA,BB,AA,BB,BA,BA,AA,AA,BB,AA,,3.689
CS-97349,DD,DD,DD,DD,DC,DC,DC,CC,CC,DD,CB,BB,DD,DD,DC,BB,BB,DC,CC,AA,CC,CC,BA,BA,BB,CB,AA,CC,DD,DC,CC,DC,DD,DC,CC,DD,DC,BB,DC,BB,,2.084
CS-97350,BB,CC,BB,BB,AA,BB,BA,BB,BB,CB,BB,AA,BB,BB,AA,AA,CB,BB,BB,AA,BA,BB,BB,BA,CC,AA,AA,BB,BB,BA,BA,BB,BB,CB,BA,BB,,AA,BB,AA,BB,3.396
CS-97351,BB,BA,AA,BB,BA,AA,BB,BA,AA,BB,AA,BA,BA,BB,AA,BA,BA,AA,AA,AA,AA,BB,CC,AA,BB,BA,AA,AA,BB,BA,AA,CC,AA,BA,AA,BA,,AA,BB,AA,BB,3.651
CS-97352,AA,BA,AA,BB,BB,BB,BA,BB,AA,AA,AA,AA,AA,BB,AA,AA,BA,BB,BA,AA,AA,BA,BB,AA,BB,AA,AA,BB,AA,BB,AA,BB,BA,BA,AA,AA,,BA,BB,AA,BA,3.714
CS-97353,DD,DC,CB,CC,DC,DD,CB,DD,CC,DC,DC,CB,DD,AA,DC,DC,DC,DC,DD,CC,CC,BB,DD,CC,CC,DD,AA,FF,DD,CC,DD,DC,AA,DC,DC,FD,CC,FD,DD,CB,,1.713
CS-97354,BB,AA,AA,BB,BB,AA,BB,CB,AA,AA,AA,BA,BA,BB,BB,CB,AA,AA,AA,BB,BA,BB,CC,AA,BA,CB,AA,BB,AA,AA,BA,CC,BA,CB,CC,CB,BB,BB,BB,BA,,3.387
CS-97355,CC,BB,BA,BB,AA,AA,BB,AA,BB,CB,AA,BB,BB,BB,BA,BB,AA,BB,BB,AA,AA,BA,BA,BB,CB,AA,AA,BB,BB,BA,AA,CB,AA,BB,BA,CC,BA,BA,BA,AA,,3.492
CS-97356,BB,BB,BA,BA,BB,BA,BB,AA,CB,BB,BB,AA,CB,BB,BB,BB,BB,BB,BB,AA,BB,BA,BA,AA,CC,BB,AA,CC,BA,BA,AA,BB,BB,BB,BA,BB,,AA,BB,AA,BB,3.392
CS-97357,BB,BB,AA,BB,BB,BB,BB,AA,BB,AA,BB,AA,BA,AA,BB,BB,CB,BB,BA,AA,AA,BB,BB,BB,BB,BB,AA,BA,AA,BB,BA,CB,AA,BA,CB,BA,,AA,BB,BA,CB,3.451
CS-97358,BB,BA,AA,BA,BA,BA,BB,AA,BB,BB,BA,BA,AA,BA,AA,AA,BB,BB,BA,AA,AA,AA,BA,AA,BB,AA,AA,BA,AA,BA,AA,CB,AA,BB,BA,BB,,AA,BB,AA,BB,3.694
CS-97359,CC,BB,AA,BB,AA,BA,BB,AA,BB,CB,CB,BA,CC,BB,BA,CB,BB,CC,BB,BA,BA,BB,BA,BA,CC,BA,AA,BB,BB,BB,BA,CB,AA,CB,BA,CB,BB,BB,CB,BA,,3.253
CS-97360,BA,BA,AA,BB,AA,AA,BB,AA,BB,BB,AA,AA,AA,AA,AA,BA,AA,AA,AA,AA,AA,AA,AA,AA,BB,AA,AA,AA,BA,BA,BA,BB,AA,BA,AA,BB,,AA,BA,AA,BB,3.806
CS-97361,BA,AA,BB,BB,AA,BB,BB,AA,BA,BB,AA,AA,BB,BB,BA,BA,BA,BB,BB,AA,AA,BB,BB,AA,CC,BB,AA,BB,BA,AA,BB,CB,CB,BB,BA,BB,,BA,CB,BA,BB,3.477
CS-97362,DC,CB,CB,BB,BA,AA,BB,BA,CC,CB,BB,BB,BB,AA,AA,BB,BB,CC,BB,AA,AA,BA,BB,AA,CC,AA,AA,BB,BB,BB,AA,BB,BB,BA,BA,CB,AA,AA,CC,AA,,3.389
CS-97363,BB,AA,AA,AA,AA,BA,BB,AA,AA,BA,AA,AA,BA,AA,AA,AA,AA,BA,AA,AA,AA,AA,AA,AA,BA,AA,AA,AA,AA,BB,AA,BB,AA,BB,BB,BB,AA,AA,BB,BA,,3.82
CS-97364,DD,CC,CB,CC,BA,CC,BB,BB,DD,BB,CB,AA,BB,BB,BA,BB,BB,BB,CC,BA,BA,BB,BB,CC,BB,CB,AA,BB,BB,BB,AA,BB,AA,CC,BA,CB,,AA,CC,AA,CB,3.063
CS-97365,CB,DC,BA,BB,AA,CC,BB,BA,CC,CC,BB,AA,CC,CC,BA,AA,BB,BB,CC,AA,AA,BA,BB,AA,CC,BB,AA,CC,CC,CC,AA,BB,BB,BA,BA,BB,,AA,BA,AA,AA,3.226
CS-97366,BB,BA,AA,CB,AA,AA,BA,AA,BA,BB,BA,BA,AA,BA,AA,BA,AA,CC,AA,BA,AA,BA,AA,AA,AA,AA,AA,AA,AA,BA,AA,CB,AA,AA,BB,BB,,AA,BA,AA,BA,3.721
CS-97367,CB,BB,AA,AA,AA,AA,BB,AA,BA,BA,AA,BA,BB,AA,AA,AA,AA,AA,AA,AA,AA,AA,AA,AA,BB,AA,AA,AA,AA,BA,AA,BB,AA,BA,BB,BB,BA,AA,BB,AA,,3.795
CS-97368,CB,BB,AA,BB,BA,CB,BB,AA,BB,CB,BB,AA,CC,BB,BA,BA,BA,BB,BA,BA,AA,AA,AA,AA,BB,BA,AA,BB,BB,BB,AA,BB,BA,BA,BA,BB,,AA,BB,AA,BB,3.485
CS-97369,BB,AA,AA,BB,AA,BA,BA,BB,AA,AA,AA,BB,CC,DD,BB,BB,BA,CC,BB,AA,BA,BA,AA,BA,BB,CC,AA,BB,BA,BB,BB,BB,BB,CC,AA,BB,,BA,BB,AA,BA,3.437
CS-97370,DC,BA,BB,BB,CC,DC,BB,CC,CC,DC,DC,BB,AA,DD,BB,CB,CC,CC,CC,BA,CC,CB,CC,DC,CC,BB,AA,CC,DD,CB,BA,CB,CC,CC,CB,CC,,BB,BB,BA,CB,2.512
CS-97371,CC,BB,AA,BA,AA,AA,BA,AA,BB,BB,BA,AA,CB,BA,BA,AA,BA,BB,BA,AA,AA,AA,AA,AA,BB,AA,AA,BA,CC,BB,AA,CB,AA,BB,AA,BB,,BA,BB,AA,BB,3.618
CS-97372,CC,BB,BB,BB,AA,BB,BB,AA,BB,AA,BA,AA,CB,BB,AA,AA,AA,CC,AA,AA,BA,AA,AA,AA,BA,AA,AA,BA,BA,BB,AA,BB,AA,BB,BA,BB,,AA,CB,AA,BB,3.631
CS-97373,BA,BB,BA,AA,AA,BA,BA,AA,BB,BB,BB,BB,BB,BB,AA,AA,AA,BB,AA,AA,BA,AA,AA,AA,BA,AA,AA,BA,AA,BB,AA,BB,AA,BA,BB,BB,,AA,BA,AA,AA,3.707
CS-97374,CC,CC,BB,CC,AA,BB,BB,AA,CC,DC,DC,AA,BB,BA,BA,BA,CB,BA,CB,BA,BB,BB,BA,BB,CB,BB,AA,CC,CB,CB,BA,BB,BA,BB,CC,BB,,BA,BA,BA,BB,3.156
CS-97375,CC,BB,AA,BB,AA,BB,BB,BB,CB,CC,BB,BA,BA,BB,BB,BA,BB,BA,BB,AA,BA,BA,AA,AA,CB,AA,AA,BB,BB,BB,BA,CB,AA,BA,AA,BB,,AA,BB,AA,BB,3.491
CS-97376,DD,CC,BB,CB,CB,CB,BB,AA,DC,CC,DC,BB,DC,CB,BB,BB,CC,BB,CC,BB,BB,BB,CC,BB,CB,DD,BA,CB,DC,CC,BB,CC,DD,DC,CC,CC,,BB,DC,BA,CC,2.478
CS-97377,CC,CC,BA,BB,AA,BB,BA,AA,BB,BB,BA,BB,BB,BA,BA,BA,BA,BB,BA,AA,AA,AA,BA,AA,BB,BA,AA,BB,BA,BB,BA,BB,AA,BA,BA,CB,,AA,BB,AA,BB,3.554
CS-97378,BB,DD,DC,CC,BB,DC,BA,CC,DC,CC,DC,BB,DD,DD,BB,CB,DC,CC,CC,BA,BA,BB,BB,CC,CC,CC,BA,DC,CC,BA,BB,CC,CC,CC,BA,CC,BB,BA,BB,BA,,2.557
CS-97379,DD,CC,AA,CC,CB,CB,CB,CC,DC,CB,CC,CC,BA,CC,BB,CB,DC,BB,DD,AA,CB,CC,BB,CC,DC,CC,AA,DD,DC,CB,CB,CC,AA,CC,CB,CC,,BB,BB,BA,BB,2.525
CS-97380,AA,BA,AA,BB,AA,BB,BB,AA,BB,AA,AA,AA,BA,BB,BB,CB,BA,AA,CB,AA,AA,BB,BB,AA,AA,BA,AA,BB,AA,BA,AA,CC,CC,BB,AA,BB,,AA,AA,AA,AA,3.621
CS-97381,CC,BB,BA,BB,BA,CB,BB,AA,BB,CC,BB,BA,DC,BB,BA,AA,BB,CB,BB,AA,BA,BA,BA,AA,BA,AA,AA,BB,BA,BB,BA,CB,BB,BB,BA,BB,,AA,BA,AA,BB,3.442
CS-97382,BB,BA,DD,DC,CB,BB,BA,CC,BB,DC,BB,BB,BB,AA,CB,BB,DC,CC,DC,AA,CC,BB,BB,CB,CB,CB,AA,DC,DD,BB,BB,CB,CC,CB,BB,CC,,AA,BB,AA,BA,2.8
CS-97383,DD,CC,DD,DD,BB,CB,BB,DC,DD,DD,DC,BB,DC,BA,DC,BB,CB,DD,CC,BB,DC,BB,DC,FD,CC,DD,CC,FD,CC,CC,DD,BB,AA,DC,DC,FD,CC,FD,DC,BB,,1.826
CS-97384,BB,BB,DD,DC,BA,CC,BB,DC,CC,CC,CC,BA,DC,DD,BB,BB,DC,BA,CC,AA,CC,BB,BB,BA,CC,CC,AA,CB,BB,BB,BB,BB,DD,CC,AA,CB,,AA,AA,AA,BB,2.851
CS-97385,BB,DC,BB,BB,AA,CC,BA,BA,CB,DC,CC,BA,CC,BB,BA,BB,CC,CB,CC,BA,CB,BA,BB,BB,DC,CB,AA,CC,DC,BA,BA,CB,CC,CB,BB,CC,BB,AA,BB,BA,,2.931
CS-97386,DC,CC,CC,CB,CB,CC,BB,CB,CC,CC,BB,BB,DD,DC,BB,BB,CC,CC,CC,AA,CC,BB,BB,BA,CC,BB,AA,CC,DC,CC,AA,CB,CB,CC,BA,BB,,BA,BB,BA,BB,2.793
CS-97387,DD,CC,CC,DC,CB,DC,CC,BB,DC,AA,CB,CB,CB,CC,BB,BB,DC,BB,CC,AA,BB,BB,CC,BB,CB,CB,AA,DC,CC,DC,DC,CC,CC,CC,AA,CC,,BB,CB,BA,BB,2.611
CS-97388,DD,DD,DC,BB,DD,DC,BB,DD,CC,DD,DD,DC,DD,BB,DC,DC,DD,DC,DC,DC,CC,CC,BB,DC,DC,DC,CC,DD,DC,CC,DD,DC,BB,FD,BB,FD,,FD,CB,BB,FD,1.658
CS-97389,DD,CC,DC,DD,CB,BB,BA,CC,BB,DC,CC,BA,DC,BA,BB,BA,CB,CC,CB,BA,CC,BB,CB,BB,DD,CC,AA,CC,DD,BB,BB,CC,DD,DC,BB,DC,DC,AA,CC,BA,,2.559
CS-97390,BB,BB,AA,CB,BB,BB,BB,AA,BB,CB,BB,BA,BB,BB,BA,BB,BB,CB,BB,AA,CB,BA,BB,BA,CB,BB,AA,CB,BB,BB,BA,CC,BB,BB,BB,CB,BB,AA,BB,BA,,3.245
CS-97391,CC,CC,BB,CB,BB,CB,CB,BB,CC,DC,BB,BB,DC,DC,BB,BA,CB,BA,DC,AA,CB,BB,CC,CB,CC,CC,AA,DC,CC,CC,BB,CC,CC,CC,BA,CB,,AA,BB,BA,BA,2.75
CS-97392,CC,DC,BB,CC,BA,CB,BB,BB,CC,DC,BB,AA,DD,DC,BA,BB,CC,BB,BB,AA,BB,BA,AA,BB,BB,BB,AA,CC,CC,BB,BB,BA,BB,BB,CC,BB,,AA,BB,AA,AA,3.037
CS-97393,BB,BA,AA,CC,AA,BA,BB,AA,BB,BB,BA,CC,BA,BB,BB,BA,CB,BB,AA,AA,AA,AA,BA,BA,BA,AA,AA,BB,BB,CB,BB,BB,BB,BB,BB,BB,,BA,CC,BA,BB,3.395
CS-97394,DD,CB,BB,BB,BB,BB,BB,BB,DC,CC,CC,BA,DC,DC,BA,BB,CC,BB,DC,BB,BB,BB,CC,BB,DD,DC,AA,CB,DC,CB,BB,BA,BA,CB,BB,BB,CB,AA,CB,BA,,2.793
CS-97395,CB,CC,BB,AA,BB,CC,BB,BB,CB,DC,BB,BA,DC,DC,BB,BB,BB,BB,CC,AA,BA,BA,BB,BB,DC,BB,AA,CC,CB,BA,AA,BA,BA,BB,BA,CB,,AA,BA,AA,BB,3.136
CS-97396,CC,BB,CB,BB,BB,CC,BB,AA,CC,DD,DC,BA,DD,CC,BA,BA,BA,CC,BB,BA,BA,BB,BB,BB,CC,BA,AA,DC,BB,BB,BA,BB,BB,BA,BB,BB,,AA,BB,BA,BB,3.094
CS-97397,CB,CB,BB,BB,AA,DC,BA,BB,CC,CC,BB,AA,CB,DC,BB,AA,BB,AA,CC,BB,AA,AA,BA,BB,CC,BA,AA,DC,CC,BA,BB,BA,CC,BB,BB,BB,BB,BA,BA,BA,,3.155
CS-97398,DC,CC,CB,DC,DC,DC,BB,DC,DC,DD,DC,BB,DC,DD,CB,CC,CC,CC,DC,AA,CC,DC,AA,DC,CB,DD,AA,CC,DD,BB,FD,BB,FD,DD,BA,DC,,BB,CC,BB,CB,2.128
CS-97399,DC,BB,AA,BA,BA,CB,BB,AA,DC,CC,BB,AA,CC,CB,AA,BB,CB,CB,CC,AA,AA,BA,BA,BB,CC,BA,AA,DC,CC,BA,BA,BB,BA,BB,BA,BB,,BA,BB,AA,BB,3.205
CS-97400,DD,DC,BB,BB,BB,CB,CB,BA,CC,CC,BB,BB,DD,DC,BB,CC,CC,DC,BB,AA,CB,CB,BB,CB,CB,CC,AA,CC,DC,CC,CC,BB,DC,CC,CC,CC,,BB,CB,BB,CB,2.574
CS-97401,DD,CB,DD,CC,BB,BB,BB,BB,BB,CC,CB,BB,DC,CC,CB,CB,CB,CC,BB,BA,CB,CC,BB,CC,DD,CC,AA,DC,CC,CC,CC,BB,DD,DC,DC,CC,,BA,CC,BB,BB,2.451
CS-97402,DD,DD,CB,DD,CB,DC,BB,BB,BB,DD,DC,CC,CC,AA,BB,CC,DC,DC,DC,AA,BB,DC,CB,DC,DC,CC,BB,DC,DC,CC,BB,BB,AA,DC,DC,CC,CB,BA,CB,BA,,2.321
CS-97403,CB,DC,DC,DD,AA,CC,BA,BB,CC,DC,CC,BB,CC,DD,CB,BB,CC,BB,DC,CB,BB,CC,CC,CC,DD,DC,AA,DC,DC,BB,BB,BB,BB,CC,CC,CC,,BB,CC,BA,BB,2.378
CS-97404,DD,DD,BB,DC,DC,BB,BB,DC,DC,DD,DC,BB,BB,CC,CC,BB,DC,CC,CC,AA,BB,CC,BB,CB,DD,CC,AA,DC,DD,CB,BB,CB,DD,CC,CC,CC,BB,BA,BB,AA,,2.328
CS-97405,DD,DC,DD,DC,CC,CC,BB,BB,DC,DC,DC,BB,CC,CC,BB,BB,CB,BB,CC,AA,BB,CB,BB,BB,CC,BB,AA,DC,CC,BB,BB,DC,DC,DC,BB,CC,CB,BA,BB,AA,,2.548
CS-97406,DC,CC,CB,CC,CB,CB,BB,AA,BB,CC,BB,CB,BB,CB,BB,CC,CC,BB,CC,AA,AA,CC,BB,CC,DD,CC,AA,CC,CC,CC,BA,DC,BB,CC,DC,BB,BB,BA,CC,BA,,2.636
CS-97407,CB,CB,BB,BB,BB,BB,BB,AA,CB,BB,BB,BA,BB,BB,BB,BB,CB,BA,BB,AA,AA,BB,BB,BA,CB,CC,AA,CB,DC,BB,BB,BB,BB,CB,BA,BB,,AA,BB,BA,BB,3.229
CS-97408,DD,DD,BB,BB,BB,CC,BB,BB,DD,DC,CC,BA,DC,CB,CB,BB,CC,BA,CC,AA,BB,BB,CB,BB,DC,BB,AA,DC,CC,BB,BB,BB,DC,BB,BB,BB,,BA,BB,AA,BB,2.779
CS-97409,DD,CC,DD,DC,CC,CB,BB,DC,DC,BB,DC,CC,BA,CC,CC,CC,DC,DC,DC,BA,CB,AA,CC,DC,DC,DC,AA,DC,DC,BB,BB,CB,CC,CC,CC,CB,BB,BB,CC,BA,,2.343
CS-97410,BB,BB,DD,AA,CC,DC,BA,CC,CC,DD,DD,CC,BB,DD,CC,DD,CC,CC,DD,BB,BB,AA,DC,DD,BB,DC,AA,CC,CB,BB,CC,CC,DD,DC,CC,DC,CC,CB,CC,BA,,2.274
CS-97411,DD,DD,DD,DC,DC,BB,CC,CC,DD,DD,DD,BB,BA,DD,CC,DC,AA,DC,DC,BA,CC,BB,DC,BB,BB,DC,DD,DC,CC,CC,CC,CC,AA,DC,CB,FD,CC,DC,CC,BB,,2.04
CS-97412,DC,DC,CC,DD,CC,CC,CB,CC,DC,DC,CC,DC,DD,DD,CC,CC,CB,DC,DC,BA,BB,DC,DD,BB,CC,DC,AA,DC,CC,BB,DC,CC,DD,DC,CC,CB,DC,BB,DC,BB,,2.034
CS-97413,DC,BA,CB,CC,CB,CC,BA,BB,CB,DC,CC,CC,BB,CC,CC,CB,BB,CC,CC,AA,CC,CB,CC,CC,DC,DD,AA,DC,BB,BA,CC,CB,DD,DC,BB,CC,CC,AA,CC,BB,,2.505
CS-97414,DC,DD,CC,DD,DC,BB,BB,DC,BB,CC,DD,BB,DD,DD,BB,CB,CC,BB,DC,BA,BB,DC,DC,CC,DD,CC,AA,DD,CC,CC,CB,CC,AA,BB,CC,CC,CB,BB,DC,BB,,2.26
CS-97415,DD,BB,BA,CC,CC,AA,BB,BA,CC,CC,BB,BB,CB,BB,BB,CB,AA,DC,BA,AA,AA,BB,CC,CB,BB,CC,AA,BA,BB,BB,AA,CB,BB,DC,BA,CB,,AA,BB,BA,BB,3.103
CS-97416,DD,CC,BB,DD,CB,DC,BB,CB,DC,DD,DD,CC,DC,DC,DC,BB,DC,CC,DC,BB,CC,CC,DC,BB,DC,DD,BB,DC,DC,DC,DC,DC,DD,CC,DC,DC,,CC,DD,BA,BB,1.951
CS-97417,CC,DC,DD,DC,BB,CC,BB,CB,CC,CC,BB,BB,CC,CC,BA,BB,BB,CC,CC,BB,BB,BA,BB,BB,CC,BB,AA,CB,CC,BB,BA,BB,BB,CB,CC,BA,BB,AA,BB,BA,,2.773
CS-97418,BA,AA,CC,AA,AA,BB,BA,BB,BB,DC,DC,BB,AA,BB,BB,BA,CC,CC,BB,AA,CB,BB,BB,AA,BB,BB,AA,CC,BA,AA,BB,BB,CC,BB,AA,BB,,AA,BA,AA,AA,3.334
CS-97419,AA,BA,CC,AA,AA,BB,AA,AA,BB,BB,CC,BA,BB,BA,AA,BB,BB,CB,BB,AA,AA,BB,BB,AA,CB,AA,AA,CB,CB,BB,BA,BB,AA,BB,BA,BB,,AA,BA,AA,BB,3.476
CS-97420,AA,AA,BB,AA,AA,CB,AA,AA,BB,AA,BB,AA,AA,BA,AA,BA,AA,AA,AA,AA,AA,BA,BB,AA,BA,AA,AA,BA,BB,BA,AA,CB,AA,BA,AA,BB,,AA,BA,AA,BA,3.765
CS-97421,AA,AA,CC,AA,CC,BB,BA,AA,BA,BB,CC,AA,AA,BA,BB,BB,CC,CC,BA,AA,BA,BA,CC,BB,CC,BB,AA,CB,CC,AA,BB,BB,DC,BA,BA,AA,BB,AA,BB,AA,,3.356
CS-97422,BA,BB,CB,AA,AA,BB,AA,AA,BB,BB,CC,AA,BA,BB,BB,BB,BB,BB,BB,AA,BB,BB,BB,BA,CC,BB,AA,CC,BB,BB,BB,BB,AA,CB,BA,BB,,AA,CC,BA,BB,3.29
CS-97423,DC,DC,CB,DC,DC,CC,CB,DD,DC,CC,DD,CB,DD,BB,DC,DD,DC,DC,DC,BB,CC,DD,DD,DD,FD,CC,DC,CB,DD,BB,CC,CC,AA,CB,BB,DC,,CC,CB,BB,DC,1.949
CS-97424,DD,DC,DD,DD,DC,CC,CC,CB,CC,CC,DD,CB,DC,DD,CC,BB,DC,BB,DC,CC,CB,DC,BB,FD,DD,DD,DD,CC,CB,BB,FD,BB,DC,DD,DC,DD,DD,FF,CC,BB,,1.747
CS-97425,DC,DC,CB,CC,DC,DC,BA,DC,DC,DC,DC,DC,DC,DC,DC,DC,DC,DC,DC,DD,BB,BB,BB,CC,CC,DD,FF,DC,DC,CC,DC,CC,BA,CC,CB,FD,DC,FF,DD,BB,,1.835
CS-97426,BB,CC,AA,BB,BA,BA,BB,CC,BB,BA,BB,CC,BB,BB,CB,BB,BB,BB,BB,BA,BB,BB,BB,CB,CB,CB,AA,CC,BB,BB,BA,BA,BB,CB,BA,BB,BB,BB,BA,BB,BB,3.207
CS-97427,AA,BA,AA,BA,BA,AA,CB,AA,BA,BA,BA,BB,AA,AA,BA,AA,AA,AA,BA,BA,AA,BA,AA,AA,BB,BA,AA,BB,AA,CB,AA,BB,AA,AA,AA,AA,AA,BB,BB,BB,BA,3.741
CS-97428,AA,AA,AA,AA,AA,AA,AA,AA,AA,AA,AA,BB,AA,AA,AA,AA,AA,AA,AA,AA,AA,AA,AA,AA,AA,AA,AA,AA,AA,AA,AA,AA,AA,AA,AA,AA,AA,BA,AA,AA,AA,3.985
CS-97429,BA,BB,AA,BA,BA,AA,BB,AA,BA,CB,BB,BB,AA,AA,BA,BA,BA,BA,BB,BB,BA,BB,BA,AA,BB,BB,AA,BB,BB,BA,AA,CB,AA,CB,BB,BB,BB,BB,BB,BB,BB,3.477
CS-97430,BA,BB,AA,BA,BA,BA,BB,BB,BB,CB,CC,BB,AA,AA,BB,BA,BA,BB,CB,CC,BB,CC,BB,DC,DC,DC,BB,CC,BB,CB,AA,CB,BA,CC,BB,CB,CC,CC,BB,BB,CC,2.917
CS-97431,AA,BB,AA,BA,BB,AA,BB,BA,BB,BB,AA,BB,AA,AA,BA,AA,AA,AA,BB,CB,AA,BB,BB,CB,CC,BB,BA,BB,BB,BA,BA,BB,BA,CC,BB,BB,CB,BB,BB,CC,CB,3.424
CS-97432,CC,CC,AA,BA,CB,BB,CC,CC,BB,CB,DD,BB,DD,BB,CC,BB,CC,CB,DC,BB,BB,BB,BB,CB,DC,CC,BA,CC,CC,BB,AA,BB,BB,BB,AA,CC,BB,CC,BA,BB,BB,2.784
CS-97433,BB,CC,AA,BA,CB,AA,BA,BB,BA,CB,DC,BB,CB,CC,BB,BB,BB,CC,CB,CC,CB,BB,BB,DD,DD,DD,BA,CC,CB,BB,BB,BB,BB,DC,BB,CC,CC,DC,BB,BB,FF,2.699
CS-97434,BB,BB,AA,BA,BB,AA,BB,BB,BB,BB,AA,BB,AA,AA,BA,AA,BA,BA,BB,BB,AA,BA,AA,BB,CC,BB,BA,BB,BA,BB,AA,BB,BA,CC,AA,BB,BB,BB,BB,BB,BB,3.481
CS-97435,BA,DC,BB,AA,BB,CB,BA,CC,BA,DC,CC,BB,BB,CC,BB,BB,BB,CC,CB,CB,BB,BA,BB,BB,CC,CB,BA,CC,BB,CB,AA,BB,BB,BB,AA,CC,BB,BB,BA,BA,CB,3.014
CS-97436,AA,CB,AA,AA,BB,AA,BA,BB,BA,BB,BA,BA,BA,AA,BA,AA,BB,BA,BB,BB,CB,BA,AA,BB,CB,BB,AA,CB,BA,AA,AA,BA,BA,BB,BA,BB,BA,BB,AA,AA,BA,3.559
CS-97437,AA,BB,AA,BB,AA,AA,CC,AA,AA,BB,BA,BB,AA,AA,BA,AA,AA,AA,BA,AA,BA,BA,AA,AA,BB,AA,AA,BB,BA,CB,AA,BB,AA,AA,AA,BA,AA,CC,AA,AA,AA,3.73
CS-97438,AA,BA,AA,AA,BA,AA,BB,AA,AA,BB,AA,BA,AA,AA,AA,AA,AA,AA,AA,AA,BB,BA,AA,AA,BB,AA,AA,BB,BA,BB,AA,BA,AA,AA,AA,AA,AA,BA,AA,BA,BA,3.831
CS-97439,BA,DD,AA,BB,BB,AA,BB,BB,BA,BB,BB,BB,CB,BA,BB,AA,AA,BB,BB,BA,BB,BB,BA,CB,CB,DC,BB,CB,BB,BB,BA,BB,BA,CC,BB,BB,BB,CC,BB,BA,BB,3.219
CS-97440,BB,CC,AA,BA,BB,BA,CB,BA,BA,BB,AA,BB,CC,CB,BB,AA,BB,BB,BB,CB,BB,BB,BB,CC,DC,CC,BB,CC,BB,BB,AA,CC,CC,CC,AA,DC,CB,CB,BB,CC,CB,3.019
CS-97441,AA,CB,AA,BA,AA,BA,BB,AA,BA,BB,BA,CC,BB,AA,AA,AA,AA,BB,AA,AA,BA,AA,AA,AA,BB,AA,AA,BA,AA,BB,AA,BA,AA,AA,AA,BB,AA,BB,AA,AA,BA,3.756
CS-97442,AA,CC,AA,AA,BB,BA,BA,DC,BA,CB,BB,BB,CB,BA,CB,BB,CB,CC,CC,CC,CC,BB,BB,CC,CC,DC,AA,CC,CC,BB,AA,BB,CC,CC,AA,BB,CB,BB,BB,CC,CB,2.891
CS-97443,BB,CC,AA,CC,BA,BB,AA,BB,AA,BA,BB,CB,CC,BA,BB,BA,BB,CC,CB,BB,BB,BB,CB,BB,DC,BB,AA,BB,BB,BA,AA,BB,DC,BB,AA,DC,CC,BB,AA,BA,BB,3.179
CS-97444,AA,BB,AA,BB,BB,AA,BB,BA,BB,BB,BB,BA,BA,AA,CB,BB,AA,BB,CC,BA,CC,CB,BB,BA,CC,CC,AA,CC,BB,CC,BB,BB,AA,CB,BA,CC,BB,CC,CB,CC,BB,3.137
CS-97445,BB,CC,BB,BB,CC,BA,BB,BB,BB,CC,CC,CB,CC,CC,CB,BB,CB,DD,DC,CC,CC,DC,CC,DD,CC,DC,BB,CC,DD,CB,BB,BB,DC,CC,BB,DD,CC,BA,BB,CB,DC,2.424
CS-97446,BB,DC,BA,BA,DC,BA,BB,DD,BB,DC,DC,BA,DC,DD,BB,BB,BB,CB,CC,BB,BB,BB,CB,CC,CC,CC,BB,CB,DC,BB,BA,BB,BB,BB,AA,DC,BB,CB,BA,BB,CC,2.737
CS-97447,BB,DD,BA,DC,BB,BB,CC,CC,DC,DD,DC,CC,AA,CC,CB,CC,DC,CC,BB,CC,DC,CC,CC,FD,CC,DD,BB,DC,DD,DC,DD,CB,CC,CC,CB,FD,FD,DC,BB,DC,DD,1.989
CS-97448,CB,BA,BB,DD,BB,BB,DC,BB,DD,CC,DC,BB,CC,BB,CC,DC,CC,DC,BB,CC,BB,DD,DC,DC,FF,FD,DC,DD,CC,DC,DD,DD,CC,DD,CB,FD,FF,FD,DC,FD,DC,1.882
CS-97449,BA,CC,AA,AA,BA,AA,BB,CB,BB,BB,BB,BB,CB,BB,BA,AA,AA,BA,CB,BA,BA,BB,BA,BB,BB,AA,BB,BB,BB,BA,AA,BB,BA,BB,AA,BB,BA,BA,AA,AA,BA,3.523
CS-97450,AA,BA,AA,AA,AA,AA,BB,BA,AA,AA,AA,BA,AA,AA,AA,AA,AA,AA,AA,AA,BA,AA,AA,AA,BA,AA,AA,AA,AA,AA,AA,BB,AA,AA,AA,BA,AA,BA,BA,BA,AA,3.908
CS-97451,AA,BB,AA,AA,AA,AA,BB,AA,BA,AA,BA,BB,BA,AA,BA,BA,AA,BA,BB,AA,BA,BB,BA,BB,BB,BB,BA,BB,BA,BA,AA,BA,AA,BA,BB,BB,BB,CC,BB,BA,BB,3.58
CS-97452,CC,DD,BB,CC,DC,CC,DC,BB,CC,DD,CC,BB,CC,CC,DC,CC,CB,BB,BA,CB,DD,CC,CB,CC,CC,CC,BB,CC,DC,CC,BA,BB,CC,CB,BA,DC,CC,CC,BB,CC,CC,2.352
CS-97453,AA,BB,AA,CC,BB,BB,AA,AA,AA,AA,AA,CB,AA,BB,CC,AA,BA,BA,CB,BB,BB,BB,CC,BB,DC,BB,AA,CC,CC,BB,AA,BB,BB,BA,AA,BB,BB,BB,BA,BA,BB,3.332
CS-97454,BB,DD,AA,AA,CB,AA,CB,CB,AA,BA,BB,BB,DD,CB,CC,BB,BA,BB,CC,AA,CB,CB,BA,CB,BA,DD,BB,BB,BB,BB,AA,CB,BB,CC,BB,FF,FF,DC,CC,CB,FF,2.935
CS-97455,BB,DC,BA,BA,CC,AA,CC,CB,CB,CB,DD,AA,CC,BB,FD,FD,BB,BB,DC,CB,CC,DC,CC,FD,CC,DC,DC,DC,CC,CB,BB,FF,CC,FD,BB,DD,FF,FD,FD,FD,DD,1.923
CS-97456,AA,BB,AA,BB,BB,AA,BB,BB,AA,AA,AA,CB,CB,BB,CB,CB,BA,AA,CC,BB,CC,BB,CB,CC,DC,DC,CC,CC,AA,BB,CC,BB,CB,CC,BA,CC,CC,CC,BB,BB,CC,2.918
CS-97457,BB,CC,AA,CC,CC,CC,CC,AA,CC,DC,BB,BB,CC,BB,CC,BB,BB,CC,CC,DC,BB,BB,CB,CC,BA,CC,BA,CC,DC,CB,AA,BB,BB,CB,BB,CC,DC,CC,CB,CC,DC,2.612
CS-97458,DC,CC,BB,DD,DC,BB,BB,AA,BB,CB,DC,BB,DC,CC,CC,CB,DC,CC,CC,CC,DC,DC,DD,DD,BB,DC,CB,AA,BB,BA,BB,BB,DC,CC,AA,FD,DC,BB,BA,CC,DD,2.334
CS-97459,CC,DD,BA,BB,BA,BB,BB,CB,CC,DC,BB,BB,DD,AA,DC,CC,DC,CB,CC,CC,DC,CC,DD,DC,BB,DC,CC,BB,DC,CC,CB,BB,DC,CC,CB,FD,DD,BB,BB,CC,DC,2.206
CS-97460,AA,AA,AA,AA,AA,AA,BA,AA,AA,BB,AA,BA,BB,AA,AA,AA,AA,AA,AA,AA,AA,AA,AA,AA,AA,AA,AA,AA,AA,AA,AA,AA,AA,AA,AA,AA,AA,BB,AA,AA,AA,3.942
CS-97461,BB,CB,AA,AA,BB,AA,BB,BB,BB,BA,BB,BB,CB,BA,AA,AA,BB,BB,BB,BB,BB,BB,BB,CB,DC,BA,AA,BB,BB,CB,AA,BA,BB,BB,AA,BB,BB,BB,AA,BB,BB,3.405
CS-97462,AA,BA,AA,AA,AA,AA,BA,BB,BA,AA,AA,BA,AA,BA,BB,AA,AA,AA,AA,AA,BA,AA,AA,AA,BA,AA,AA,BA,AA,AA,AA,BA,AA,BB,AA,BA,AA,BB,AA,BA,BA,3.843
CS-97463,AA,CC,AA,AA,BB,AA,BB,BB,BA,BB,DC,BA,BB,BB,BB,BA,BA,BB,CC,BB,BB,BB,BA,BB,CC,BA,AA,BB,BA,BB,AA,BB,BA,BB,AA,CB,BB,BB,BA,BB,BB,3.339
CS-97464,AA,BB,AA,AA,BA,AA,AA,BA,AA,AA,AA,BB,BB,BA,BA,AA,AA,BA,BA,AA,BB,AA,BA,AA,BA,BA,AA,BA,AA,AA,AA,AA,AA,BB,AA,BA,AA,BA,AA,BA,BA,3.818
CS-97465,AA,BB,AA,AA,AA,AA,CC,BB,BA,CB,BB,BB,AA,AA,AA,AA,BA,BA,BB,BA,BA,BB,AA,BB,BB,BB,AA,BA,BA,CB,AA,BB,AA,BA,AA,BB,AA,BB,BA,BA,BA,3.607
CS-97466,BA,BB,AA,BA,AA,AA,CB,AA,BB,CC,AA,BB,BA,BA,BA,BB,BA,BA,BB,BA,BB,BA,AA,BB,DC,BA,AA,BB,BB,BA,AA,BB,AA,BB,AA,AA,BB,BB,BB,BB,BB,3.528
CS-97467,BA,DC,AA,AA,CB,AA,CB,CB,BB,BB,CC,BB,CB,BA,BB,AA,BB,BB,CC,BA,BB,CB,BA,CB,DD,BB,BA,CB,BB,BB,AA,BB,AA,BB,AA,CB,BB,BB,BB,CC,CB,3.149
CS-97468,CC,CB,AA,BB,AA,BB,CB,DD,CC,CC,CC,BB,CC,CC,DC,DC,BB,CC,CC,DD,CC,CC,CC,CC,FD,DC,BB,DC,CC,CB,AA,CC,CC,DC,BB,DC,CC,BB,CC,DC,CC,2.264
CS-97469,DC,DD,BB,CC,DD,BB,CC,BA,CC,DC,DC,BB,CC,CC,BB,DD,CB,CC,BB,DC,BB,DC,DD,DD,FF,DC,CC,FD,BA,CC,CC,CC,DC,CC,AA,DC,DC,DD,CB,DC,DD,2.035
CS-97470,AA,BA,AA,AA,AA,AA,BB,BA,BB,BB,BA,BA,BA,AA,CC,AA,AA,AA,BA,BA,AA,BA,AA,BA,AA,BB,AA,BA,AA,BB,AA,BB,BB,BA,AA,BB,AA,BB,AA,AA,BA,3.714
CS-97471,CB,BB,BA,CB,CB,AA,BB,BB,BB,CC,AA,BB,BB,CC,BB,CB,CB,CB,DD,DC,BB,CB,CB,DD,DD,CC,BB,DC,BB,BB,AA,BB,AA,CC,BA,CC,CB,DC,BB,CC,CC,2.706
CS-97472,BB,CC,AA,AA,BA,BA,CB,BB,BA,DC,BB,BB,BB,BB,BA,AA,AA,BB,BB,BB,BB,BA,BB,BB,CC,BA,AA,CB,CB,BA,AA,BB,BB,BB,AA,BB,BB,BB,BA,BB,BB,3.339
CS-97473,BA,AA,AA,AA,AA,AA,BB,BA,AA,AA,AA,BB,AA,AA,AA,AA,AA,AA,AA,AA,AA,AA,AA,AA,AA,BA,AA,AA,AA,BA,AA,AA,AA,BA,AA,BB,AA,BB,BA,BB,AA,3.876
CS-97474,BA,CC,AA,AA,BB,AA,BB,CC,BB,CC,DD,BB,BB,DC,BB,BB,BB,CC,DC,BB,BB,CB,BB,DC,DC,BB,AA,CC,BB,BB,AA,BB,AA,CC,AA,BB,BB,BB,BB,BB,CB,3.019
CS-97475,BB,DD,AA,BB,CB,BB,BB,CC,BB,CC,CC,AA,DC,CC,BB,BA,CB,BB,BB,CC,CB,CB,BB,CC,DD,CC,BA,CC,BB,BB,AA,BB,CC,BB,BB,CC,CC,BB,BB,BB,CC,2.763
CS-97476,BB,CC,AA,BB,BB,AA,CB,AA,BB,BB,CB,BB,BA,BB,BB,BB,BA,BB,CC,BB,CB,CB,BB,BB,CC,CC,BB,CB,BB,BB,BA,BB,AA,BB,BA,CB,BB,BB,BB,CB,CC,3.111
CS-97477,CB,CB,BA,AA,BB,AA,BB,BB,BA,BB,CB,BB,AA,BB,CB,BB,BB,BB,DC,BB,BB,BB,BB,BB,CC,BB,AA,BA,BB,BB,AA,BB,AA,CB,AA,BB,BB,BB,BB,CB,BB,3.211
CS-97478,CB,CB,BA,DC,DC,CC,CB,DD,CC,DC,BB,CB,CB,CC,CC,CB,BB,CC,DD,CC,BB,CC,BB,DC,FD,CB,BB,DC,CC,CB,AA,CB,BB,DC,BB,CC,CC,CC,BB,CB,CC,2.414
CS-97479,BB,DC,BA,AA,BB,BA,BB,AA,CB,DC,CC,BB,DC,CC,CC,BA,BB,CC,DC,BB,BB,BB,CC,DC,BA,CB,BB,CC,DC,BB,BB,DC,BB,CB,AA,CC,CC,CB,BB,BB,CC,2.779
CS-97480,BB,DD,AA,BB,BB,AA,BA,BB,BA,BB,BB,BB,CB,DC,BB,BA,AA,BB,BB,BB,BB,BA,BA,CC,DC,DC,BB,CB,BB,BA,AA,BB,BA,CB,AA,CB,BB,CB,BA,CC,CC,3.099
CS-97481,CB,DC,AA,BA,CC,AA,BA,DD,BB,CC,DC,BB,DD,DD,BB,BB,BB,CB,DC,CC,BB,CB,CC,DC,FD,DC,CC,CC,DC,BB,BB,BB,CC,DC,AA,DD,CC,CC,BA,BB,CC,2.444
CS-97482,CB,BA,CC,DD,BB,BB,BA,BA,CC,DD,DD,CC,DD,FD,DC,DC,CC,DC,BB,CC,CB,DC,DD,FD,FF,FF,,FD,DD,DC,BB,DC,DC,,,,,,,,,1.896
CS-97483,BB,DC,AA,BB,BA,AA,BB,BB,BB,BB,BB,BB,BB,CC,CC,BA,BB,BB,CC,BB,CB,BB,BB,CC,DC,CC,BB,CC,CB,CB,BB,CB,BA,CC,AA,CC,CB,DC,BB,DC,CC,2.87
CS-97484,BA,BB,AA,AA,BA,AA,BA,AA,AA,AA,BB,CB,BB,AA,BB,BA,AA,AA,BB,AA,CB,AA,AA,AA,BA,BB,AA,BA,BA,BB,AA,BB,AA,BB,AA,BA,BB,BB,BA,BB,BA,3.648
CS-97485,AA,AA,AA,AA,AA,AA,AA,AA,AA,AA,AA,BB,AA,AA,BA,AA,AA,AA,AA,AA,BA,AA,AA,BA,AA,BA,AA,BA,AA,BA,AA,BA,AA,AA,AA,AA,AA,CC,AA,BB,BA,3.868
CS-97486,BB,BB,BA,BB,BA,BA,AA,DD,BB,AA,AA,BB,BA,AA,BB,BA,AA,AA,BA,BB,BA,BA,BA,BB,BB,DC,BB,BB,AA,BB,AA,BB,BA,CC,BA,CB,BB,CC,BB,CB,CC,3.303
CS-97487,BB,BB,AA,BB,CB,AA,BB,BB,AA,AA,AA,BB,BB,BB,CC,BB,BB,BB,CC,BB,DC,BB,CB,CB,BB,DC,BB,CB,BB,BB,AA,BB,BA,CC,AA,CB,CC,BB,BB,CC,CC,3.01
CS-97488,BB,CC,AA,BB,CB,AA,BB,CB,BB,CB,AA,BB,BB,CB,BB,BA,BB,DC,CC,BB,CB,BB,BB,BB,CC,CC,BB,CB,BB,BB,BA,BA,AA,BB,AA,CC,BB,BA,AA,CB,BB,3.114
CS-97489,BA,CB,BA,BA,BB,AA,BB,BA,BA,BB,CB,BB,BB,BB,DC,BA,AA,AA,CC,CC,CB,BB,BB,BB,CC,DC,BA,CC,DD,BB,AA,CB,BA,CB,AA,CC,BB,CC,BB,CC,CB,3.015
CS-97490,CC,CB,CC,CB,BB,CC,CB,BB,CB,DD,DC,AA,DC,DC,CB,DC,CC,DD,CC,CC,BB,DC,DD,FF,FF,DD,DD,FD,CC,CC,CC,DC,DD,FD,BA,FD,DC,CC,BB,FD,DD,1.886
CS-97491,CC,DD,AA,DC,CB,BA,BB,AA,BB,CC,CB,CB,DD,DC,CC,CC,BB,CC,DC,CC,CB,CB,BB,DC,BB,CC,CB,DC,DD,CB,BA,CC,CC,CC,AA,DD,CC,CC,CB,DC,CC,2.442
CS-97492,BB,DC,AA,CB,BB,BB,BB,BA,BA,CC,BA,BB,BB,BB,CB,CB,BB,BB,DC,BB,BB,BB,BB,CB,CC,CC,BB,CC,CC,AA,BA,CB,BB,CB,AA,CC,CC,BB,BB,CC,BB,2.947
CS-97493,BB,CB,BA,BB,BB,BB,CC,BB,BA,BB,BA,DC,BB,AA,DC,BB,BB,BB,DD,CC,DD,CC,CC,DD,BB,CC,CC,FF,BA,DC,CC,DC,BB,CC,BA,CC,CC,DC,CB,CC,CC,2.602
CS-97494,AA,BB,AA,AA,AA,BB,AA,BB,AA,AA,BB,BB,CC,DD,BB,BA,AA,BB,CC,BB,CB,BA,BB,BB,CC,CB,AA,BB,BA,BA,AA,BB,AA,BB,BB,BB,BA,BB,BA,BB,BB,3.35
CS-97495,AA,AA,AA,AA,AA,AA,BA,AA,AA,BA,AA,BA,AA,AA,AA,AA,AA,AA,BA,AA,BA,AA,AA,AA,AA,AA,BA,BA,AA,BB,AA,BA,AA,AA,AA,BB,BA,BB,AA,AA,BA,3.878
CS-97496,BA,AA,AA,BB,AA,BA,AA,CB,AA,AA,BA,BB,CB,BB,BB,BA,AA,AA,AA,AA,BA,AA,AA,BA,AA,BB,BB,BB,AA,BA,AA,BB,AA,BB,AA,BB,BB,CB,BA,CC,CB,3.576
CS-97497,BB,BB,AA,AA,BB,AA,AA,AA,AA,AA,BB,BB,BB,BB,BA,BA,BB,BB,BB,BB,BB,BA,BB,BB,BB,CC,BA,CC,BB,BB,BA,BA,BA,CB,AA,BB,BB,BB,BA,DC,BB,3.346
CS-97498,AA,BB,AA,BA,AA,AA,BB,BB,AA,BA,AA,BB,AA,AA,BA,AA,BA,BA,CC,BB,CB,BB,BB,BA,CB,BA,AA,BB,AA,BB,AA,AA,BA,AA,AA,BB,BA,BB,AA,BB,BB,3.583
CS-97499,AA,AA,AA,AA,AA,AA,BA,AA,AA,AA,AA,AA,AA,AA,AA,AA,AA,AA,AA,AA,AA,AA,AA,AA,AA,AA,AA,AA,AA,AA,AA,AA,AA,AA,AA,BB,AA,AA,AA,BA,AA,3.97
CS-97500,AA,AA,AA,AA,AA,AA,BB,AA,AA,AA,AA,BA,AA,AA,AA,AA,AA,AA,AA,AA,AA,AA,AA,AA,AA,AA,AA,BA,AA,BB,AA,BA,AA,AA,AA,AA,AA,BA,AA,AA,AA,3.949
CS-97501,AA,BA,AA,AA,AA,AA,BB,AA,BA,BA,BA,BB,AA,AA,CB,AA,AA,AA,BB,CB,CC,BA,BA,BB,CC,CC,AA,BB,AA,BB,BA,BB,AA,BB,AA,BB,AA,BB,BB,BB,BB,3.481
CS-97502,BB,BA,AA,AA,AA,AA,AA,BB,AA,AA,AA,BA,BA,BB,BB,BA,AA,AA,BB,AA,BB,BA,BA,AA,AA,AA,AA,BB,AA,AA,AA,BA,AA,AA,AA,BB,AA,BA,AA,AA,BB,3.763
CS-97503,BB,CC,AA,BB,CB,BB,AA,DD,BB,CC,CB,BB,CC,DD,BA,CB,CC,DC,AA,BB,BA,BB,CC,CC,CB,DC,CB,CC,CB,BA,CB,BB,BB,DC,AA,DC,BB,BB,BA,DC,BB,2.782
CS-97504,AA,AA,AA,BA,AA,AA,BA,AA,AA,AA,AA,BA,AA,AA,BA,AA,AA,AA,AA,AA,BB,AA,AA,AA,AA,AA,AA,BB,AA,AA,AA,BB,AA,AA,AA,BB,BB,BB,AA,BA,BB,3.863
CS-97505,AA,BB,AA,AA,AA,AA,BA,BB,BA,BB,BA,AA,AA,BA,AA,AA,BA,AA,BB,BA,BB,AA,BB,BA,BB,BA,BA,BB,BB,AA,BA,AA,BA,BB,AA,AA,AA,BB,AA,BA,BA,3.711
CS-97506,BA,CC,AA,BB,AA,BA,BB,BB,BB,DC,CC,BA,AA,AA,BA,AA,BB,AA,CB,BB,BB,BB,BA,BB,CC,BA,AA,BB,BB,BB,AA,BB,AA,AA,BA,AA,AA,BB,BA,BB,BB,3.443
CS-97507,BB,CB,AA,BA,BB,AA,AA,DC,BA,BA,BA,DC,CC,DC,CB,BA,BB,DD,BA,BB,BA,BB,CB,CC,BB,CB,BA,DC,CB,BB,BB,BB,BB,BB,AA,BB,BA,BB,BB,BB,BB,3.107
CS-97508,BA,DC,AA,AA,BB,BA,BA,BB,BA,BB,BB,BB,CC,CC,BB,BA,CB,CB,DC,BB,CC,BB,BB,CB,CC,BB,BA,CC,CC,BB,BA,BA,AA,BB,BA,BB,BB,BB,BA,BB,BB,3.116
CS-97509,BA,DD,AA,BB,BB,AA,BB,BB,BB,BB,CB,CB,CB,CB,BB,BA,CB,CC,CC,BB,CC,BA,AA,CC,CC,CB,BB,CC,CC,CB,BA,CB,BA,BB,BB,BB,BB,BB,BA,BB,BB,3.056
CS-97510,CC,AA,AA,DC,DC,CC,CB,CC,DC,DC,DC,BA,CC,CC,BB,CC,CB,DD,CB,DC,BB,DC,CC,DC,FD,DD,DC,DD,CB,CB,DC,DC,DC,DC,BB,FD,FD,CC,CC,CC,DC,1.992
CS-97511,BB,DC,AA,BB,AA,BB,BB,DD,BB,BB,BA,BB,CC,BB,BB,BB,BA,BB,BB,BA,CC,BB,BB,BB,CC,BB,AA,CC,AA,BB,AA,BB,BA,BB,AA,BB,BB,CC,BA,CC,BB,3.24
CS-97512,CB,DD,BA,BB,CC,CB,CB,BA,CC,CC,BA,BB,BB,CC,BB,DC,BB,DD,BB,CC,BB,CB,DC,DD,FF,DC,BB,DD,BB,CC,DC,BB,CB,CC,BB,CC,CC,BB,BB,CC,CC,2.484
CS-97513,CC,DD,BB,CB,CB,BB,AA,DD,CC,DC,DC,BB,DD,CC,DC,CC,DC,DC,CB,CC,DC,CB,BB,DC,DD,DC,DC,DD,DC,BB,BA,BB,BB,CC,BB,BB,CC,CB,BB,CC,CC,2.288
CS-97514,CB,CC,AA,CB,CB,CC,BA,BA,BB,DD,CC,CC,AA,BA,CC,BA,AA,CB,DC,DD,CC,CB,DC,CC,DC,DC,BB,DC,AA,BB,BB,DC,AA,CC,BA,DD,DD,CC,BB,CC,FD,2.489
CS-97515,BB,DD,BB,BA,CB,BB,BB,DD,BB,DD,DD,BB,DC,DC,BA,BB,CC,CB,CC,BB,CB,BA,BA,AA,CB,BB,AA,BB,CC,BA,AA,BB,AA,BB,AA,BA,BA,BB,AA,BB,BB,3.027
CS-97516,CB,DC,AA,CC,CC,BB,BB,DD,BA,DC,DC,CC,DD,DC,BB,BA,CC,DC,DC,CB,CC,BB,BA,CC,DC,CB,BA,CB,CC,BB,BB,BB,BA,BB,AA,BB,BB,CB,BB,CB,BB,2.776
CS-97517,BB,DD,BA,DD,BB,DC,BB,DC,DC,CC,CC,BB,CC,DC,DC,BB,DC,CC,DC,DC,DC,CC,CC,FD,DD,FD,DC,DD,CC,BB,BB,CB,AA,FD,AA,CC,FD,DC,BB,FD,FD,1.953
CS-97518,BB,DC,AA,BA,AA,AA,AA,BB,AA,BB,CB,BB,CB,CC,BB,BB,BB,BB,CC,BB,BB,BA,BA,BA,BB,CB,AA,CB,BB,BB,AA,BB,AA,CC,AA,BB,BB,CB,BB,CB,BB,3.272
CS-97519,BB,DD,AA,BA,BB,AA,BB,DC,BB,CB,BB,BB,CC,BB,BB,BB,CC,CB,CC,BB,CC,BB,BB,CB,DD,CC,BA,DC,CB,BB,BB,BB,BB,BB,AA,BB,BB,CB,BB,CC,BB,2.951
CS-97520,BA,CB,BA,BB,AA,BB,BA,CC,BB,BB,AA,BB,CC,CC,BB,BB,CB,BA,CC,BB,CC,BB,BB,CB,DC,BB,CB,CC,BB,BB,AA,CB,BB,CC,AA,CB,BB,CB,BB,DC,CC,2.982
CS-97521,AA,DC,AA,BA,CB,BA,BB,BB,AA,BA,BB,BB,CC,CB,BB,BB,CC,BB,DC,CB,CB,BB,BB,BB,DC,CC,AA,CC,CC,BB,BB,BB,BB,CC,AA,BA,CB,CC,BB,CC,BB,2.96
CS-97522,DC,DC,CB,CC,CB,CC,BB,DC,BB,CC,DC,CB,DC,FD,DD,CC,DD,DD,DD,CC,DC,CC,DC,DC,FD,BB,DD,FF,BB,BB,DC,CC,DD,DC,BA,DC,FD,CC,CB,DC,DC,1.863
CS-97523,CC,BA,BB,BA,CC,BB,CC,DC,CC,CB,CC,BB,CC,DC,CC,DC,BB,DD,CC,DC,CC,CC,DC,DD,FD,DD,FD,FD,BB,CB,DC,CC,DC,FD,BA,FD,FD,DC,CC,DC,FD,1.806
CS-97524,CB,DD,AA,BA,CB,AA,BB,DD,BB,CC,DD,CC,DD,DC,CC,BB,DD,CC,DC,DC,CC,BB,CC,DC,DC,BB,BB,DD,DD,BB,CB,CC,CC,CB,AA,CC,DC,BB,BB,DC,CC,2.328
CS-97525,CB,BA,AA,AA,CC,BB,AA,BA,BB,DC,DC,BB,CB,DC,CC,BB,CB,CB,DD,CC,CB,BB,CB,DD,FD,DC,CB,BB,DC,BB,BA,BB,BB,CC,BB,DC,DC,BB,BA,CB,CC,2.576
CS-97526,CC,BA,AA,CC,CC,CB,CC,AA,CB,AA,DC,CC,CC,BB,AA,CB,BA,CC,AA,CC,AA,BB,BA,BB,DC,CB,BA,CB,BA,BB,BB,CC,BA,CB,AA,CB,BB,CC,CC,DC,BB,2.941
CS-97527,BB,CC,BA,CC,CB,BB,CB,DD,CB,CC,CB,CC,BA,CC,DC,CB,BB,DD,BA,CC,CC,BB,BB,DC,CC,BB,BB,CC,BB,BB,CB,CB,BB,CB,BB,CC,DC,CC,BB,BB,BB,2.659
CS-97528,DC,DD,BB,BB,DC,CB,CC,BB,CC,BB,BA,BB,DD,CC,BB,DD,DC,DD,CC,CB,DC,CB,DD,DC,FD,DD,DD,CC,CC,CC,BB,DC,BB,DD,AA,FD,DC,DD,CC,DC,FD,1.957
CS-97529,AA,BB,AA,AA,BA,AA,AA,AA,AA,AA,AA,CC,AA,BA,BA,AA,AA,AA,BB,BB,BB,AA,AA,AA,BB,BB,AA,BB,AA,BA,AA,BB,AA,BB,AA,AA,AA,BB,BA,BB,BA,3.734
CS-97530,AA,AA,AA,AA,AA,AA,BB,AA,AA,AA,AA,BB,BB,BA,AA,AA,AA,AA,AA,AA,BB,AA,AA,AA,AA,BA,AA,AA,AA,BA,AA,BA,AA,AA,AA,AA,AA,BB,BB,AA,AA,3.876
CS-97531,AA,AA,AA,BA,BA,AA,BA,AA,AA,BB,AA,BA,AA,AA,AA,AA,AA,AA,AA,AA,AA,AA,AA,AA,AA,AA,AA,BA,AA,BA,AA,AA,AA,AA,AA,AA,AA,BA,AA,AA,AA,3.942
CS-97532,AA,CC,AA,BA,BB,AA,AA,AA,AA,AA,BB,BB,BB,AA,BA,BA,BA,BA,BA,BB,CB,AA,BB,BB,BB,BB,AA,BB,BA,AA,AA,BB,BA,BB,AA,AA,BA,BB,BB,CC,BB,3.566
CS-97533,BB,CC,AA,BB,BA,AA,BB,DC,BB,CB,BB,BB,DC,BB,BB,AA,BB,BB,BB,BB,BB,BB,BB,CC,CC,CC,BB,BB,BA,BB,AA,BB,BB,CB,AA,BB,CC,BB,BA,DC,CC,3.068
CS-97534,BA,BB,AA,BA,AA,AA,AA,AA,AA,AA,AA,BB,BA,BB,BA,AA,AA,BA,AA,BB,BB,AA,AA,BA,BA,BB,AA,BB,AA,BA,AA,BA,AA,BB,AA,BA,BA,CC,BB,CB,BB,3.679
CS-97535,CB,CB,AA,AA,BA,AA,BA,BB,BB,BB,BB,BA,CC,BB,BB,AA,BA,BA,CC,BB,BB,BB,BB,BB,CC,BB,BA,BB,BB,BA,AA,BB,BB,BB,AA,BB,BB,BB,BA,BB,BB,3.369
CS-97536,BA,CB,AA,BA,BA,AA,BA,CB,BB,BB,BB,BB,BB,BB,CB,BA,BB,BA,BB,BA,BB,BA,BB,BB,CB,BB,BA,BB,AA,BA,BB,BB,BA,CC,AA,AA,BB,CB,BA,CC,BB,3.365
CS-97537,AA,CC,AA,CB,BA,AA,CC,BB,BB,BB,BB,BB,BB,BA,BA,AA,BA,BA,BB,BB,BB,BA,AA,BB,CB,BB,AA,BB,AA,BB,AA,BB,AA,BB,BA,AA,AA,BB,BB,BB,BA,3.504
CS-97538,AA,CC,AA,BA,AA,AA,BB,BA,BB,CC,CC,BB,AA,AA,BB,BA,BB,BA,CC,BA,BB,BB,AA,CB,CB,BB,AA,CB,CC,BB,BA,BB,AA,BB,AA,BA,BB,BB,BB,BB,BB,3.386
CS-97539,BA,CC,AA,BA,AA,BB,BA,CB,AA,BB,BA,BB,BB,BA,BA,BA,BB,BA,CB,BB,BB,BA,BA,BB,DC,BA,AA,BB,BA,AA,AA,BA,BB,BA,AA,BB,AA,BB,BA,BA,BA,3.499
CS-97540,AA,CC,AA,BB,BB,BA,BB,BB,BB,BB,BA,BB,BB,BB,BB,BA,BB,BB,CC,BB,CB,AA,BB,BA,BB,BA,AA,BB,BB,BB,AA,BB,BA,AA,AA,BA,BB,BB,BA,CB,BA,3.452
CS-97541,AA,BB,AA,BB,AA,AA,BB,CC,BA,BB,BB,BB,BB,AA,AA,AA,BA,AA,AA,AA,BB,AA,AA,AA,AA,BA,AA,AA,AA,BB,AA,BA,AA,AA,AA,AA,AA,BB,BA,BB,AA,3.765
CS-97542,BA,BB,AA,AA,AA,AA,AA,BB,AA,AA,BA,BB,BB,BA,AA,AA,AA,BB,BA,BB,BB,BA,AA,AA,BB,BA,AA,BB,BA,BB,AA,AA,AA,AA,BA,BA,BB,BB,AA,BB,BA,3.696
CS-97543,AA,BA,AA,BA,AA,AA,BA,BB,AA,AA,BA,BA,CB,AA,AA,AA,AA,AA,AA,BA,BB,AA,AA,AA,BB,BA,BA,BB,AA,AA,AA,BA,AA,BA,AA,AA,AA,BB,AA,BA,AA,3.816
CS-97544,AA,BB,AA,BA,BA,AA,BB,BB,BB,CB,AA,BB,BB,BB,AA,AA,BA,AA,CB,BB,BB,AA,AA,BA,BB,BA,FF,BB,AA,BB,AA,BB,AA,,,FF,FF,,,,FF,3.607
CS-97545,BA,DC,AA,AA,BB,BB,BA,AA,BA,CC,CB,BB,DC,CC,BB,BB,CC,CC,CC,BA,CC,BB,BB,BB,BB,BB,BB,CC,DC,BB,AA,BB,BB,BB,BB,BB,CB,BB,BA,CC,BB,3.029
CS-97546,BB,BB,AA,AA,BA,BA,BA,DD,BA,CB,BB,BB,CC,CC,BB,BA,BB,CC,CC,BB,CC,BB,AA,BB,BB,CB,BB,CB,CC,BB,BA,BB,CC,BB,AA,BB,BB,CC,BB,DC,BB,3.068
CS-97547,BB,DD,AA,BB,BB,BA,CB,DD,BB,CC,DD,BB,CC,CC,BA,BA,BB,BB,CC,BB,CC,BA,AA,CB,CC,BB,BB,BB,CB,BB,BA,BB,BB,BB,AA,BB,BB,BB,BB,CC,BB,3.019
CS-97548,CB,CC,BA,BB,DC,BB,CC,DD,CB,DC,DC,BB,CC,DD,DC,BB,DD,DD,BB,DC,DD,CC,DC,DC,CB,DC,CC,DC,DC,BB,DC,BB,DD,CB,BA,CC,DC,CB,CB,CC,CC,2.146
CS-97549,AA,AA,AA,AA,CC,AA,BB,CC,BB,BB,CC,BB,AA,CB,BB,BA,CB,CC,CC,BB,CC,BA,AA,CB,CC,BB,BB,CB,BB,BA,BB,BA,BA,BB,BB,BB,CB,BA,AA,CC,BB,3.182
CS-97550,BA,CC,AA,AA,BB,BB,CB,DC,CB,CC,CB,DC,AA,BB,BB,BB,CC,CB,DC,CB,CC,BB,BB,BB,DD,CC,BB,CC,AA,BB,CC,BB,BB,CB,AA,BB,CB,BB,BB,CB,CB,2.86
CS-97551,CB,BB,AA,CC,AA,BA,DC,BA,DD,DD,AA,CB,BB,AA,AA,CC,BB,BB,CC,DC,CB,DD,DC,DC,BB,FD,AA,CC,CB,DD,CC,FD,AA,CC,BB,CB,CC,DC,CC,FD,FD,2.359
CS-97552,AA,CB,AA,BB,AA,AA,BB,BB,AA,BA,BA,BB,BA,BB,BB,BB,BA,BA,BA,BB,BB,BB,BB,CC,BB,CC,BB,CC,AA,CB,AA,BB,AA,CB,AA,CC,BB,CC,CB,CC,CB,3.218
CS-97553,CB,CC,AA,BB,DC,AA,BB,CC,BB,BB,DC,BB,BB,BB,CC,BB,DC,CC,DD,DC,CC,BB,BB,DD,BB,DD,CC,AA,CC,BB,BB,CC,BB,CC,BB,FD,DC,DC,BB,DD,DC,2.406
CS-97554,AA,BB,AA,CC,AA,AA,BA,AA,CB,BB,BB,BB,BB,BB,BA,BB,BA,AA,BB,BA,BA,BB,BB,BB,CC,BB,BA,BB,AA,BB,AA,BB,AA,BB,AA,BB,AA,CC,BA,BB,BA,3.491
CS-97555,BB,DC,AA,CC,BB,BA,BB,CC,BB,BB,BB,BB,BB,BB,CC,BB,BB,CC,DC,CC,CC,CC,BB,CC,DC,CC,BA,CC,BB,BB,AA,BB,BA,CC,AA,BB,BB,BB,BB,DC,BB,2.88
CS-97556,CB,CC,AA,CB,DC,BB,BB,CB,DC,BB,DC,BB,AA,CC,DC,CC,DC,DD,BB,DC,CC,DD,DC,FD,DD,CC,DD,BB,DC,CC,CC,CC,DC,DC,BB,DC,CC,CB,BB,DC,CB,2.206
CS-97557,AA,BB,AA,AA,AA,BB,BA,BB,BA,AA,BB,BB,BA,CC,AA,AA,AA,AA,BA,BB,BA,BB,BB,AA,BB,CB,AA,BB,AA,BA,AA,BA,AA,BA,AA,BB,AA,BB,AA,BB,AA,3.624
CS-97558,BB,CC,BB,BA,CB,BB,BB,CC,BB,AA,CC,BB,BA,FD,BB,CC,CB,DC,DC,CB,DC,BB,CC,DC,FD,CB,DC,CC,CC,BA,DC,CB,CC,CC,BA,CC,CC,DC,BB,DC,CC,2.429
CS-97559,BA,CB,AA,AA,BA,AA,BB,BA,BB,AA,CB,BB,CC,BB,CB,BA,BA,BB,CB,BB,BA,BB,BB,CC,BB,CB,BB,CC,BA,BB,AA,BB,BA,BB,AA,BB,CC,DD,BA,DC,CC,3.172
CS-97560,BA,CC,AA,BB,BB,BA,CC,DD,BB,BA,BA,BB,CB,BB,BB,BB,BB,BA,CC,BB,CB,BB,BB,BB,BB,CB,BB,CB,AA,BB,BB,BA,AA,CB,AA,BA,AA,CC,BB,BB,BA,3.226
CS-97561,BB,DC,AA,DC,CC,BA,DC,CC,CC,BB,CC,BB,BB,BA,CC,BB,CB,BB,AA,DC,BB,CC,CB,DD,BB,DD,BB,CC,CC,DD,CB,FD,BB,CC,BB,DC,DC,FD,CC,DD,DC,2.37
CS-97562,CB,BB,BA,BB,CB,BB,BA,AA,BB,BB,CC,BB,CB,BB,CB,BA,CC,BB,AA,CC,AA,CB,CC,CC,DD,DD,BB,CC,CB,BB,AA,BB,BB,CB,BB,DC,CC,CB,BB,CC,CC,2.828
CS-97563,BB,BB,AA,CC,BB,BB,BB,DC,BB,BB,CB,CC,DC,CC,BB,CC,CC,CB,CC,BB,CC,CB,BB,CC,CC,CB,BA,CC,BB,CC,AA,CB,BA,BB,BB,BB,BB,CC,BA,DC,CC,2.821
CS-97564,BA,BB,AA,DC,BB,BA,CC,AA,CC,CC,BB,BB,BB,BB,CC,BB,BB,AA,DC,BB,CC,CC,BB,DC,CB,DC,BB,CC,CC,CC,AA,BB,BB,CC,BB,DC,DC,CC,FD,DD,CC,2.612
CS-97565,BA,DD,AA,CC,BB,BB,CC,BA,CB,DD,BB,BB,DC,BB,CC,BB,CB,CC,BB,CC,BA,BB,CB,CC,DD,DC,BB,CC,BB,CC,CC,CB,CC,CC,BB,DC,CC,DC,BB,CC,CB,2.607
CS-97566,FD,FD,DD,DC,,DC,DD,,,,,,,,,,,,,,,,,,,,,,,,,,,,,,,,,,,0.8
CS-97567,BB,AA,AA,BA,AA,AA,BA,BA,AA,BB,AA,AA,AA,AA,AA,AA,AA,AA,AA,AA,AA,BA,AA,AA,AA,BB,BA,BA,BA,BB,AA,BB,AA,BA,AA,AA,AA,BB,BB,BB,AA,3.798
CS-97568,AA,AA,AA,AA,AA,AA,AA,BA,AA,AA,AA,BB,CC,BA,BB,AA,AA,AA,AA,AA,AA,AA,AA,AA,AA,BA,BB,AA,BB,AA,AA,AA,AA,BB,AA,AA,BA,BB,BA,CC,BA,3.772
CS-97569,BB,AA,BA,BB,AA,AA,AA,AA,AA,BB,AA,CB,BB,BB,BB,BA,AA,BB,BB,AA,AA,BB,BB,BB,CC,BB,BA,CB,BB,BB,AA,BB,BB,BB,AA,BB,AA,CC,BB,BA,BA,3.47
CS-97570,AA,BB,DD,AA,DD,DC,CB,DC,CB,DC,AA,CC,DD,DD,BB,CB,BB,CB,CC,DC,CB,CC,CC,DD,CB,BB,DD,CC,DC,DC,CC,DD,DC,BB,BB,DC,DD,CC,BB,CB,CC,2.193
CS-97571,CC,DD,DD,CC,CC,DC,BB,CC,CC,DC,CB,CC,DC,BB,DC,BB,DC,BB,DC,CC,DC,DD,DD,FD,DC,DC,CC,FD,DC,CC,CC,DD,BA,CC,CB,DD,FD,DC,BB,DD,DC,1.753